data_horario,total,total_sem_reagendado,compareceu,nao_compareceu,reagendado
"2022-01-04 09:00:00",9,8,1,7,1
"2022-01-04 09:30:00",1,1,0,1,0
"2022-01-04 10:00:00",6,6,2,4,0
"2022-01-04 10:30:00",1,1,1,0,0
"2022-01-04 11:00:00",6,4,2,2,2
"2022-01-04 12:00:00",5,4,0,4,1
"2022-01-04 14:00:00",11,11,1,10,0
"2022-01-04 14:30:00",1,1,0,1,0
"2022-01-04 15:00:00",9,9,2,7,0
"2022-01-04 15:30:00",1,1,1,0,0
"2022-01-04 16:00:00",9,9,3,6,0
"2022-01-04 16:30:00",2,1,0,1,1
"2022-01-04 17:00:00",4,2,0,2,2
"2022-01-05 09:00:00",4,4,3,1,0
"2022-01-05 10:00:00",5,5,1,4,0
"2022-01-05 10:30:00",2,2,0,2,0
"2022-01-05 11:00:00",4,3,2,1,1
"2022-01-05 11:30:00",1,1,1,0,0
"2022-01-05 12:00:00",4,3,1,2,1
"2022-01-05 14:00:00",8,6,2,4,2
"2022-01-05 14:30:00",1,1,1,0,0
"2022-01-05 15:00:00",8,6,2,4,2
"2022-01-05 16:00:00",6,5,0,5,1
"2022-01-05 16:30:00",4,4,1,3,0
"2022-01-05 17:00:00",3,3,1,2,0
"2022-01-06 09:00:00",3,2,1,1,1
"2022-01-06 09:30:00",1,0,0,0,1
"2022-01-06 10:00:00",2,0,0,0,2
"2022-01-06 11:00:00",5,3,1,2,2
"2022-01-06 11:30:00",2,1,0,1,1
"2022-01-06 12:00:00",1,1,1,0,0
"2022-01-06 14:00:00",5,4,1,3,1
"2022-01-06 14:30:00",2,2,1,1,0
"2022-01-06 15:00:00",10,10,2,8,0
"2022-01-06 16:00:00",6,4,2,2,2
"2022-01-06 16:30:00",3,2,1,1,1
"2022-01-06 17:00:00",4,4,1,3,0
"2022-01-07 09:00:00",3,3,1,2,0
"2022-01-07 09:30:00",2,2,1,1,0
"2022-01-07 10:00:00",5,5,4,1,0
"2022-01-07 11:00:00",1,1,0,1,0
"2022-01-07 12:00:00",1,1,0,1,0
"2022-01-07 14:00:00",4,4,1,3,0
"2022-01-07 14:30:00",1,0,0,0,1
"2022-01-07 15:00:00",3,2,0,2,1
"2022-01-07 15:30:00",3,2,0,2,1
"2022-01-07 16:00:00",2,2,0,2,0
"2022-01-07 16:30:00",2,2,0,2,0
"2022-01-07 17:00:00",3,2,1,1,1
"2022-01-08 08:00:00",2,2,1,1,0
"2022-01-08 08:30:00",1,1,1,0,0
"2022-01-08 09:00:00",5,3,0,3,2
"2022-01-08 09:30:00",1,1,1,0,0
"2022-01-08 10:00:00",7,7,3,4,0
"2022-01-08 10:30:00",3,3,3,0,0
"2022-01-08 11:00:00",7,7,3,4,0
"2022-01-08 13:00:00",10,10,3,7,0
"2022-01-08 13:30:00",1,1,1,0,0
"2022-01-08 14:00:00",7,6,2,4,1
"2022-01-08 14:30:00",1,1,0,1,0
"2022-01-08 15:00:00",5,4,0,4,1
"2022-01-08 15:30:00",4,4,1,3,0
"2022-01-08 16:00:00",4,3,1,2,1
"2022-01-11 09:00:00",11,9,1,8,2
"2022-01-11 09:30:00",1,1,0,1,0
"2022-01-11 10:00:00",5,5,1,4,0
"2022-01-11 10:30:00",1,1,0,1,0
"2022-01-11 11:00:00",3,3,2,1,0
"2022-01-11 12:00:00",3,3,1,2,0
"2022-01-11 14:00:00",10,10,4,6,0
"2022-01-11 14:30:00",2,2,1,1,0
"2022-01-11 15:00:00",7,6,1,5,1
"2022-01-11 15:30:00",1,1,0,1,0
"2022-01-11 16:00:00",4,3,0,3,1
"2022-01-11 17:00:00",3,3,0,3,0
"2022-01-12 09:00:00",6,5,1,4,1
"2022-01-12 09:30:00",2,2,2,0,0
"2022-01-12 10:00:00",2,1,1,0,1
"2022-01-12 10:30:00",2,1,0,1,1
"2022-01-12 11:00:00",3,2,1,1,1
"2022-01-12 12:00:00",1,1,0,1,0
"2022-01-12 14:00:00",4,4,4,0,0
"2022-01-12 14:30:00",2,2,1,1,0
"2022-01-12 15:00:00",4,4,0,4,0
"2022-01-12 16:00:00",4,4,3,1,0
"2022-01-12 16:30:00",1,1,0,1,0
"2022-01-12 17:00:00",3,2,0,2,1
"2022-01-13 09:00:00",3,2,1,1,1
"2022-01-13 10:00:00",4,3,1,2,1
"2022-01-13 10:30:00",1,1,1,0,0
"2022-01-13 11:00:00",2,2,1,1,0
"2022-01-13 14:00:00",2,2,1,1,0
"2022-01-13 14:30:00",2,2,1,1,0
"2022-01-13 15:00:00",3,3,1,2,0
"2022-01-13 15:30:00",1,1,1,0,0
"2022-01-13 16:00:00",4,3,0,3,1
"2022-01-13 16:30:00",1,1,0,1,0
"2022-01-13 17:00:00",3,3,1,2,0
"2022-01-14 09:00:00",2,2,0,2,0
"2022-01-14 10:00:00",1,0,0,0,1
"2022-01-14 10:30:00",1,1,1,0,0
"2022-01-14 11:30:00",1,0,0,0,1
"2022-01-14 14:00:00",4,4,1,3,0
"2022-01-14 15:00:00",3,3,2,1,0
"2022-01-14 16:00:00",3,3,1,2,0
"2022-01-14 17:00:00",4,2,0,2,2
"2022-01-15 08:00:00",3,3,1,2,0
"2022-01-15 08:30:00",1,1,1,0,0
"2022-01-15 09:00:00",4,3,1,2,1
"2022-01-15 09:30:00",1,1,0,1,0
"2022-01-15 10:00:00",10,7,2,5,3
"2022-01-15 11:00:00",4,2,1,1,2
"2022-01-15 13:00:00",5,3,1,2,2
"2022-01-15 14:00:00",4,4,0,4,0
"2022-01-15 14:30:00",1,1,1,0,0
"2022-01-15 15:00:00",5,5,1,4,0
"2022-01-15 15:30:00",3,3,0,3,0
"2022-01-15 16:00:00",4,4,0,4,0
"2022-01-18 09:00:00",8,7,2,5,1
"2022-01-18 09:30:00",1,1,1,0,0
"2022-01-18 10:00:00",8,7,2,5,1
"2022-01-18 10:30:00",1,1,0,1,0
"2022-01-18 11:00:00",2,2,1,1,0
"2022-01-18 11:30:00",1,1,1,0,0
"2022-01-18 12:00:00",3,3,0,3,0
"2022-01-18 14:00:00",5,5,2,3,0
"2022-01-18 14:30:00",1,1,0,1,0
"2022-01-18 15:00:00",5,5,2,3,0
"2022-01-18 16:00:00",3,3,0,3,0
"2022-01-18 16:30:00",2,2,0,2,0
"2022-01-18 17:00:00",3,3,1,2,0
"2022-01-19 09:00:00",6,5,2,3,1
"2022-01-19 09:30:00",2,2,0,2,0
"2022-01-19 10:00:00",4,2,1,1,2
"2022-01-19 11:00:00",2,2,1,1,0
"2022-01-19 12:00:00",1,1,0,1,0
"2022-01-19 14:00:00",3,1,1,0,2
"2022-01-19 15:00:00",6,6,3,3,0
"2022-01-19 16:00:00",1,1,0,1,0
"2022-01-19 16:30:00",1,1,0,1,0
"2022-01-19 17:00:00",3,1,1,0,2
"2022-01-20 09:00:00",5,5,2,3,0
"2022-01-20 09:30:00",1,1,1,0,0
"2022-01-20 10:00:00",2,2,0,2,0
"2022-01-20 11:00:00",4,4,3,1,0
"2022-01-20 12:00:00",1,1,1,0,0
"2022-01-20 14:00:00",1,1,0,1,0
"2022-01-20 14:30:00",1,1,1,0,0
"2022-01-20 15:00:00",1,1,1,0,0
"2022-01-20 15:30:00",1,1,0,1,0
"2022-01-20 16:00:00",4,4,0,4,0
"2022-01-21 09:00:00",1,1,0,1,0
"2022-01-21 10:00:00",2,2,2,0,0
"2022-01-21 11:00:00",1,1,0,1,0
"2022-01-21 14:00:00",4,3,2,1,1
"2022-01-21 15:30:00",1,1,0,1,0
"2022-01-21 16:00:00",3,3,1,2,0
"2022-01-21 16:30:00",1,1,1,0,0
"2022-01-21 17:00:00",3,2,0,2,1
"2022-01-22 08:00:00",2,2,0,2,0
"2022-01-22 08:30:00",2,2,0,2,0
"2022-01-22 09:00:00",2,2,0,2,0
"2022-01-22 09:30:00",1,1,1,0,0
"2022-01-22 10:00:00",9,8,2,6,1
"2022-01-22 10:30:00",2,2,1,1,0
"2022-01-22 11:00:00",4,4,2,2,0
"2022-01-22 13:00:00",4,4,4,0,0
"2022-01-22 13:30:00",1,1,0,1,0
"2022-01-22 14:00:00",5,4,0,4,1
"2022-01-22 15:00:00",7,7,2,5,0
"2022-01-22 15:30:00",2,2,1,1,0
"2022-01-22 16:00:00",4,4,0,4,0
"2022-01-25 09:00:00",4,4,2,2,0
"2022-01-25 10:00:00",3,2,0,2,1
"2022-01-25 11:00:00",1,0,0,0,1
"2022-01-25 12:00:00",1,1,0,1,0
"2022-01-25 14:00:00",9,6,3,3,3
"2022-01-25 15:00:00",5,5,2,3,0
"2022-01-25 16:00:00",3,3,0,3,0
"2022-01-25 16:30:00",3,3,1,2,0
"2022-01-25 17:00:00",8,6,3,3,2
"2022-01-26 09:00:00",3,3,1,2,0
"2022-01-26 10:00:00",4,4,2,2,0
"2022-01-26 10:30:00",2,0,0,0,2
"2022-01-26 11:00:00",4,4,0,4,0
"2022-01-26 11:30:00",1,1,0,1,0
"2022-01-26 12:00:00",4,4,1,3,0
"2022-01-26 14:00:00",1,1,0,1,0
"2022-01-26 15:00:00",5,5,2,3,0
"2022-01-26 16:00:00",2,2,0,2,0
"2022-01-26 16:30:00",1,1,0,1,0
"2022-01-26 17:00:00",5,3,1,2,2
"2022-01-27 09:00:00",1,1,0,1,0
"2022-01-27 10:00:00",2,1,0,1,1
"2022-01-27 11:00:00",1,1,0,1,0
"2022-01-27 11:30:00",1,0,0,0,1
"2022-01-27 12:00:00",1,1,0,1,0
"2022-01-27 14:00:00",5,1,0,1,4
"2022-01-27 15:00:00",4,4,0,4,0
"2022-01-27 16:00:00",4,2,0,2,2
"2022-01-27 17:00:00",1,0,0,0,1
"2022-01-28 09:00:00",3,3,3,0,0
"2022-01-28 10:00:00",5,2,1,1,3
"2022-01-28 11:00:00",5,5,2,3,0
"2022-01-28 12:00:00",1,1,1,0,0
"2022-01-28 14:00:00",7,6,2,4,1
"2022-01-28 15:00:00",4,4,1,3,0
"2022-01-28 16:00:00",6,6,2,4,0
"2022-01-28 17:00:00",3,3,0,3,0
"2022-01-29 08:00:00",2,2,0,2,0
"2022-01-29 09:00:00",5,5,0,5,0
"2022-01-29 10:00:00",9,7,2,5,2
"2022-01-29 10:30:00",1,1,0,1,0
"2022-01-29 11:00:00",5,5,3,2,0
"2022-01-29 13:00:00",3,2,1,1,1
"2022-01-29 14:00:00",7,7,1,6,0
"2022-01-29 15:00:00",5,5,2,3,0
"2022-01-29 16:00:00",7,6,1,5,1
"2022-02-01 09:00:00",5,3,0,3,2
"2022-02-01 10:00:00",9,7,0,7,2
"2022-02-01 11:00:00",5,5,2,3,0
"2022-02-01 12:00:00",3,2,1,1,1
"2022-02-01 14:00:00",6,6,3,3,0
"2022-02-01 15:00:00",2,2,1,1,0
"2022-02-01 16:00:00",4,2,0,2,2
"2022-02-01 17:00:00",3,3,0,3,0
"2022-02-02 09:00:00",3,3,3,0,0
"2022-02-02 10:00:00",2,2,0,2,0
"2022-02-02 11:00:00",1,0,0,0,1
"2022-02-02 12:00:00",1,1,1,0,0
"2022-02-02 14:00:00",4,3,1,2,1
"2022-02-02 15:00:00",5,5,0,5,0
"2022-02-02 16:00:00",5,4,2,2,1
"2022-02-02 17:00:00",3,2,0,2,1
"2022-02-03 09:00:00",5,5,2,3,0
"2022-02-03 10:00:00",5,4,2,2,1
"2022-02-03 12:00:00",1,1,1,0,0
"2022-02-03 14:00:00",4,4,1,3,0
"2022-02-03 15:00:00",3,3,2,1,0
"2022-02-03 16:00:00",1,1,1,0,0
"2022-02-03 17:00:00",6,6,1,5,0
"2022-02-04 09:00:00",5,4,0,4,1
"2022-02-04 10:00:00",9,9,3,6,0
"2022-02-04 14:00:00",5,5,2,3,0
"2022-02-04 15:00:00",3,3,0,3,0
"2022-02-04 16:00:00",2,2,0,2,0
"2022-02-04 17:00:00",5,4,1,3,1
"2022-02-05 08:00:00",3,3,1,2,0
"2022-02-05 09:00:00",6,6,2,4,0
"2022-02-05 10:00:00",8,8,3,5,0
"2022-02-05 11:00:00",7,7,1,6,0
"2022-02-05 13:00:00",6,6,2,4,0
"2022-02-05 14:00:00",9,9,2,7,0
"2022-02-05 15:00:00",10,9,1,8,1
"2022-02-05 16:00:00",9,7,2,5,2
"2022-02-08 09:00:00",6,6,1,5,0
"2022-02-08 10:00:00",7,6,1,5,1
"2022-02-08 11:00:00",3,3,1,2,0
"2022-02-08 14:00:00",8,7,1,6,1
"2022-02-08 15:00:00",4,3,0,3,1
"2022-02-08 16:00:00",3,3,1,2,0
"2022-02-08 17:00:00",6,4,0,4,2
"2022-02-09 09:00:00",3,3,0,3,0
"2022-02-09 10:00:00",7,6,1,5,1
"2022-02-09 10:30:00",1,1,1,0,0
"2022-02-09 11:00:00",5,4,3,1,1
"2022-02-09 12:00:00",3,2,0,2,1
"2022-02-09 14:00:00",9,8,0,8,1
"2022-02-09 15:00:00",10,9,2,7,1
"2022-02-09 16:00:00",5,5,2,3,0
"2022-02-09 17:00:00",10,9,0,9,1
"2022-02-10 09:00:00",1,1,0,1,0
"2022-02-10 10:00:00",3,1,0,1,2
"2022-02-10 11:00:00",3,3,2,1,0
"2022-02-10 12:00:00",3,3,1,2,0
"2022-02-10 14:00:00",1,1,0,1,0
"2022-02-10 15:00:00",3,2,1,1,1
"2022-02-10 16:00:00",3,3,0,3,0
"2022-02-10 17:00:00",3,2,0,2,1
"2022-02-11 09:00:00",2,2,0,2,0
"2022-02-11 10:00:00",2,1,1,0,1
"2022-02-11 11:00:00",3,2,1,1,1
"2022-02-11 12:00:00",1,0,0,0,1
"2022-02-11 14:00:00",5,5,0,5,0
"2022-02-11 15:00:00",5,5,1,4,0
"2022-02-11 16:00:00",5,4,2,2,1
"2022-02-11 17:00:00",8,7,0,7,1
"2022-02-12 08:00:00",9,8,2,6,1
"2022-02-12 09:00:00",10,9,5,4,1
"2022-02-12 10:00:00",10,8,0,8,2
"2022-02-12 11:00:00",11,10,2,8,1
"2022-02-12 13:00:00",8,7,1,6,1
"2022-02-12 14:00:00",9,7,0,7,2
"2022-02-12 15:00:00",10,8,0,8,2
"2022-02-12 16:00:00",11,9,0,9,2
"2022-02-15 09:00:00",4,4,1,3,0
"2022-02-15 10:00:00",5,4,0,4,1
"2022-02-15 11:00:00",2,1,0,1,1
"2022-02-15 12:00:00",1,1,1,0,0
"2022-02-15 14:00:00",4,3,1,2,1
"2022-02-15 15:00:00",6,6,0,6,0
"2022-02-15 16:00:00",8,8,3,5,0
"2022-02-15 17:00:00",5,3,1,2,2
"2022-02-16 09:00:00",6,6,1,5,0
"2022-02-16 10:00:00",4,4,1,3,0
"2022-02-16 11:00:00",2,2,0,2,0
"2022-02-16 12:00:00",2,2,0,2,0
"2022-02-16 14:00:00",3,3,2,1,0
"2022-02-16 15:00:00",2,1,0,1,1
"2022-02-16 16:00:00",1,0,0,0,1
"2022-02-16 17:00:00",2,2,1,1,0
"2022-02-17 09:00:00",5,5,3,2,0
"2022-02-17 11:00:00",1,1,0,1,0
"2022-02-17 12:00:00",1,1,0,1,0
"2022-02-17 14:00:00",2,2,1,1,0
"2022-02-17 15:00:00",2,1,0,1,1
"2022-02-17 16:00:00",2,2,1,1,0
"2022-02-17 17:00:00",2,1,0,1,1
"2022-02-18 09:00:00",2,2,1,1,0
"2022-02-18 10:00:00",3,3,1,2,0
"2022-02-18 11:00:00",3,3,1,2,0
"2022-02-18 12:00:00",1,1,0,1,0
"2022-02-18 14:00:00",5,3,1,2,2
"2022-02-18 15:00:00",4,4,0,4,0
"2022-02-18 16:00:00",1,1,0,1,0
"2022-02-18 17:00:00",5,4,1,3,1
"2022-02-19 08:00:00",3,3,1,2,0
"2022-02-19 09:00:00",5,5,1,4,0
"2022-02-19 10:00:00",10,8,3,5,2
"2022-02-19 11:00:00",6,6,0,6,0
"2022-02-19 13:00:00",10,9,3,6,1
"2022-02-19 14:00:00",10,10,3,7,0
"2022-02-19 15:00:00",9,7,2,5,2
"2022-02-19 16:00:00",8,7,2,5,1
"2022-02-22 09:00:00",6,5,3,2,1
"2022-02-22 10:00:00",9,8,0,8,1
"2022-02-22 11:00:00",7,4,1,3,3
"2022-02-22 12:00:00",1,1,0,1,0
"2022-02-22 14:00:00",8,7,1,6,1
"2022-02-22 15:00:00",11,10,2,8,1
"2022-02-22 16:00:00",3,1,0,1,2
"2022-02-22 17:00:00",5,5,2,3,0
"2022-02-23 09:00:00",5,4,0,4,1
"2022-02-23 09:30:00",1,1,1,0,0
"2022-02-23 10:00:00",3,3,0,3,0
"2022-02-23 11:00:00",1,1,1,0,0
"2022-02-23 12:00:00",4,4,2,2,0
"2022-02-23 14:00:00",6,4,3,1,2
"2022-02-23 15:00:00",2,1,0,1,1
"2022-02-23 16:00:00",5,3,0,3,2
"2022-02-23 17:00:00",6,4,1,3,2
"2022-02-24 09:00:00",4,3,2,1,1
"2022-02-24 10:00:00",4,4,1,3,0
"2022-02-24 11:00:00",2,2,2,0,0
"2022-02-24 12:00:00",1,1,0,1,0
"2022-02-24 14:00:00",6,5,2,3,1
"2022-02-24 15:00:00",2,2,0,2,0
"2022-02-24 16:00:00",1,1,1,0,0
"2022-02-24 17:00:00",5,5,1,4,0
"2022-02-25 09:00:00",2,1,0,1,1
"2022-02-25 10:00:00",2,1,1,0,1
"2022-02-25 11:00:00",2,2,0,2,0
"2022-02-25 12:00:00",2,2,1,1,0
"2022-02-25 14:00:00",6,5,1,4,1
"2022-02-25 15:00:00",2,1,0,1,1
"2022-02-25 16:00:00",1,1,0,1,0
"2022-02-25 17:00:00",8,7,2,5,1
"2022-02-26 08:00:00",4,2,1,1,2
"2022-02-26 09:00:00",5,4,1,3,1
"2022-02-26 10:00:00",8,7,2,5,1
"2022-02-26 11:00:00",5,4,1,3,1
"2022-02-26 13:00:00",4,4,0,4,0
"2022-02-26 14:00:00",6,5,1,4,1
"2022-02-26 15:00:00",9,9,3,6,0
"2022-02-26 16:00:00",10,8,1,7,2
"2022-03-01 09:00:00",10,9,2,7,1
"2022-03-01 10:00:00",10,9,7,2,1
"2022-03-01 11:00:00",5,4,1,3,1
"2022-03-01 12:00:00",2,2,2,0,0
"2022-03-01 14:00:00",2,2,0,2,0
"2022-03-01 15:00:00",9,9,2,7,0
"2022-03-01 16:00:00",2,2,0,2,0
"2022-03-01 17:00:00",6,4,0,4,2
"2022-03-02 09:00:00",6,6,2,4,0
"2022-03-02 10:00:00",6,5,1,4,1
"2022-03-02 11:00:00",7,6,1,5,1
"2022-03-02 12:00:00",2,2,1,1,0
"2022-03-02 14:00:00",2,2,1,1,0
"2022-03-02 14:30:00",1,1,1,0,0
"2022-03-02 15:00:00",11,10,2,8,1
"2022-03-02 16:00:00",2,2,0,2,0
"2022-03-02 17:00:00",1,1,0,1,0
"2022-03-03 09:00:00",5,3,2,1,2
"2022-03-03 10:00:00",8,7,4,3,1
"2022-03-03 11:00:00",6,6,1,5,0
"2022-03-03 12:00:00",3,3,1,2,0
"2022-03-03 14:00:00",4,3,2,1,1
"2022-03-03 15:00:00",6,5,0,5,1
"2022-03-03 16:00:00",1,1,1,0,0
"2022-03-03 17:00:00",8,6,1,5,2
"2022-03-04 09:00:00",2,2,0,2,0
"2022-03-04 10:00:00",5,4,0,4,1
"2022-03-04 11:00:00",4,4,1,3,0
"2022-03-04 12:00:00",1,1,0,1,0
"2022-03-04 14:00:00",4,3,0,3,1
"2022-03-04 15:00:00",4,4,1,3,0
"2022-03-04 16:00:00",3,3,2,1,0
"2022-03-04 17:00:00",3,2,1,1,1
"2022-03-05 08:00:00",4,3,1,2,1
"2022-03-05 09:00:00",8,8,4,4,0
"2022-03-05 10:00:00",8,8,2,6,0
"2022-03-05 11:00:00",6,4,1,3,2
"2022-03-05 13:00:00",4,3,0,3,1
"2022-03-05 14:00:00",10,8,2,6,2
"2022-03-05 15:00:00",12,10,1,9,2
"2022-03-05 16:00:00",8,8,1,7,0
"2022-03-08 09:00:00",7,4,2,2,3
"2022-03-08 10:00:00",4,4,0,4,0
"2022-03-08 11:00:00",5,4,1,3,1
"2022-03-08 12:00:00",7,6,3,3,1
"2022-03-08 14:00:00",5,5,3,2,0
"2022-03-08 15:00:00",2,2,2,0,0
"2022-03-08 16:00:00",4,4,1,3,0
"2022-03-08 17:00:00",7,7,0,7,0
"2022-03-09 09:00:00",7,7,1,6,0
"2022-03-09 10:00:00",2,1,1,0,1
"2022-03-09 11:00:00",4,4,2,2,0
"2022-03-09 12:00:00",4,4,1,3,0
"2022-03-09 14:00:00",3,3,3,0,0
"2022-03-09 15:00:00",11,9,5,4,2
"2022-03-09 16:00:00",6,5,2,3,1
"2022-03-09 17:00:00",6,5,1,4,1
"2022-03-10 09:00:00",3,1,1,0,2
"2022-03-10 11:00:00",5,3,1,2,2
"2022-03-10 12:00:00",4,4,2,2,0
"2022-03-10 14:00:00",5,5,1,4,0
"2022-03-10 15:00:00",4,4,3,1,0
"2022-03-10 16:00:00",2,2,0,2,0
"2022-03-10 17:00:00",3,3,1,2,0
"2022-03-11 09:00:00",6,5,2,3,1
"2022-03-11 10:00:00",4,3,2,1,1
"2022-03-11 11:00:00",3,3,0,3,0
"2022-03-11 12:00:00",1,0,0,0,1
"2022-03-11 14:00:00",1,1,0,1,0
"2022-03-11 15:00:00",2,2,0,2,0
"2022-03-11 16:00:00",5,4,1,3,1
"2022-03-11 17:00:00",5,5,2,3,0
"2022-03-12 08:00:00",3,3,2,1,0
"2022-03-12 09:00:00",10,10,3,7,0
"2022-03-12 10:00:00",10,9,3,6,1
"2022-03-12 11:00:00",11,10,4,6,1
"2022-03-12 13:00:00",9,8,2,6,1
"2022-03-12 14:00:00",12,9,1,8,3
"2022-03-12 15:00:00",12,9,2,7,3
"2022-03-12 16:00:00",10,10,0,10,0
"2022-03-15 09:00:00",12,10,2,8,2
"2022-03-15 10:00:00",4,3,1,2,1
"2022-03-15 11:00:00",7,6,2,4,1
"2022-03-15 12:00:00",1,1,0,1,0
"2022-03-15 14:00:00",9,8,2,6,1
"2022-03-15 15:00:00",10,9,5,4,1
"2022-03-15 16:00:00",5,5,0,5,0
"2022-03-15 17:00:00",3,2,0,2,1
"2022-03-16 09:00:00",2,1,0,1,1
"2022-03-16 10:00:00",8,8,4,4,0
"2022-03-16 11:00:00",8,8,2,6,0
"2022-03-16 12:00:00",1,1,1,0,0
"2022-03-16 14:00:00",4,3,1,2,1
"2022-03-16 15:00:00",9,6,1,5,3
"2022-03-16 16:00:00",7,6,2,4,1
"2022-03-16 17:00:00",5,5,2,3,0
"2022-03-17 09:00:00",4,4,3,1,0
"2022-03-17 10:00:00",5,5,1,4,0
"2022-03-17 11:00:00",4,2,2,0,2
"2022-03-17 12:00:00",4,3,0,3,1
"2022-03-17 14:00:00",4,3,2,1,1
"2022-03-17 15:00:00",5,4,1,3,1
"2022-03-17 16:00:00",4,3,1,2,1
"2022-03-17 17:00:00",3,2,0,2,1
"2022-03-18 09:00:00",7,5,2,3,2
"2022-03-18 10:00:00",2,1,0,1,1
"2022-03-18 11:00:00",3,3,1,2,0
"2022-03-18 12:00:00",1,1,0,1,0
"2022-03-18 14:00:00",6,3,1,2,3
"2022-03-18 15:00:00",6,4,0,4,2
"2022-03-18 16:00:00",3,3,2,1,0
"2022-03-18 17:00:00",8,8,2,6,0
"2022-03-19 08:00:00",9,5,2,3,4
"2022-03-19 09:00:00",10,7,2,5,3
"2022-03-19 10:00:00",12,11,1,10,1
"2022-03-19 11:00:00",10,9,3,6,1
"2022-03-19 13:00:00",10,9,0,9,1
"2022-03-19 14:00:00",10,9,0,9,1
"2022-03-19 15:00:00",12,12,2,10,0
"2022-03-19 16:00:00",13,11,1,10,2
"2022-03-22 09:00:00",9,8,1,7,1
"2022-03-22 10:00:00",11,9,2,7,2
"2022-03-22 11:00:00",4,4,1,3,0
"2022-03-22 12:00:00",3,3,2,1,0
"2022-03-22 14:00:00",11,8,3,5,3
"2022-03-22 15:00:00",10,7,1,6,3
"2022-03-22 16:00:00",3,1,1,0,2
"2022-03-22 17:00:00",9,7,2,5,2
"2022-03-23 09:00:00",8,7,2,5,1
"2022-03-23 10:00:00",7,7,2,5,0
"2022-03-23 11:00:00",2,0,0,0,2
"2022-03-23 12:00:00",3,2,2,0,1
"2022-03-23 14:00:00",2,2,1,1,0
"2022-03-23 15:00:00",1,1,0,1,0
"2022-03-23 16:00:00",1,1,1,0,0
"2022-03-24 09:00:00",2,1,0,1,1
"2022-03-24 10:00:00",1,0,0,0,1
"2022-03-24 11:00:00",1,1,0,1,0
"2022-03-24 12:00:00",2,1,0,1,1
"2022-03-24 14:00:00",4,3,2,1,1
"2022-03-24 15:00:00",4,3,0,3,1
"2022-03-24 16:00:00",6,3,1,2,3
"2022-03-24 17:00:00",5,4,3,1,1
"2022-03-25 09:00:00",5,5,2,3,0
"2022-03-25 10:00:00",3,1,1,0,2
"2022-03-25 11:00:00",6,4,1,3,2
"2022-03-25 14:00:00",5,3,2,1,2
"2022-03-25 15:00:00",5,3,3,0,2
"2022-03-25 16:00:00",4,3,2,1,1
"2022-03-25 17:00:00",8,5,2,3,3
"2022-03-26 08:00:00",11,9,2,7,2
"2022-03-26 09:00:00",9,7,3,4,2
"2022-03-26 10:00:00",13,8,3,5,5
"2022-03-26 11:00:00",10,9,7,2,1
"2022-03-26 13:00:00",6,6,0,6,0
"2022-03-26 14:00:00",11,10,3,7,1
"2022-03-26 15:00:00",6,5,1,4,1
"2022-03-26 16:00:00",9,7,1,6,2
"2022-03-29 09:00:00",7,5,1,4,2
"2022-03-29 10:00:00",6,6,2,4,0
"2022-03-29 11:00:00",3,2,2,0,1
"2022-03-29 12:00:00",1,0,0,0,1
"2022-03-29 14:00:00",5,5,1,4,0
"2022-03-29 15:00:00",8,6,1,5,2
"2022-03-29 16:00:00",7,7,2,5,0
"2022-03-29 17:00:00",6,6,0,6,0
"2022-03-30 09:00:00",7,4,2,2,3
"2022-03-30 10:00:00",2,2,1,1,0
"2022-03-30 11:00:00",4,3,0,3,1
"2022-03-30 12:00:00",3,3,0,3,0
"2022-03-30 14:00:00",7,6,2,4,1
"2022-03-30 15:00:00",3,3,1,2,0
"2022-03-30 16:00:00",3,2,1,1,1
"2022-03-30 17:00:00",2,1,0,1,1
"2022-03-31 09:00:00",1,1,1,0,0
"2022-03-31 10:00:00",1,1,0,1,0
"2022-03-31 11:00:00",1,1,0,1,0
"2022-03-31 14:00:00",3,3,1,2,0
"2022-03-31 15:00:00",4,2,0,2,2
"2022-03-31 16:00:00",6,5,2,3,1
"2022-03-31 17:00:00",4,2,1,1,2
"2022-04-01 09:00:00",5,5,1,4,0
"2022-04-01 10:00:00",5,4,2,2,1
"2022-04-01 11:00:00",5,5,2,3,0
"2022-04-01 12:00:00",2,1,1,0,1
"2022-04-01 14:00:00",8,7,1,6,1
"2022-04-01 15:00:00",7,7,3,4,0
"2022-04-01 16:00:00",4,2,1,1,2
"2022-04-01 17:00:00",3,2,0,2,1
"2022-04-02 08:00:00",9,9,4,5,0
"2022-04-02 09:00:00",11,9,2,7,2
"2022-04-02 10:00:00",9,6,3,3,3
"2022-04-02 11:00:00",10,8,4,4,2
"2022-04-02 13:00:00",11,9,2,7,2
"2022-04-02 14:00:00",9,9,3,6,0
"2022-04-02 15:00:00",10,10,0,10,0
"2022-04-02 16:00:00",13,11,1,10,2
"2022-04-04 09:00:00",5,5,3,2,0
"2022-04-04 10:00:00",1,1,0,1,0
"2022-04-04 10:30:00",1,1,1,0,0
"2022-04-04 14:00:00",2,2,1,1,0
"2022-04-04 15:00:00",5,5,1,4,0
"2022-04-04 16:00:00",1,1,1,0,0
"2022-04-05 09:00:00",8,8,2,6,0
"2022-04-05 10:00:00",9,9,1,8,0
"2022-04-05 11:00:00",6,4,2,2,2
"2022-04-05 14:00:00",5,5,1,4,0
"2022-04-05 15:00:00",9,8,2,6,1
"2022-04-05 16:00:00",5,4,1,3,1
"2022-04-05 17:00:00",8,5,2,3,3
"2022-04-06 09:00:00",4,4,2,2,0
"2022-04-06 10:00:00",3,3,3,0,0
"2022-04-06 11:00:00",3,3,1,2,0
"2022-04-06 14:00:00",6,6,1,5,0
"2022-04-06 15:00:00",2,2,2,0,0
"2022-04-06 16:00:00",4,2,0,2,2
"2022-04-06 17:00:00",4,4,2,2,0
"2022-04-07 09:00:00",6,4,2,2,2
"2022-04-07 10:00:00",5,3,0,3,2
"2022-04-07 11:00:00",3,2,0,2,1
"2022-04-07 12:00:00",2,2,2,0,0
"2022-04-07 14:00:00",6,6,2,4,0
"2022-04-07 15:00:00",6,6,0,6,0
"2022-04-07 16:00:00",6,6,2,4,0
"2022-04-07 17:00:00",10,9,1,8,1
"2022-04-08 09:00:00",3,2,0,2,1
"2022-04-08 10:00:00",3,3,1,2,0
"2022-04-08 11:00:00",5,5,0,5,0
"2022-04-08 12:00:00",11,10,2,8,1
"2022-04-08 14:00:00",7,4,0,4,3
"2022-04-08 15:00:00",11,9,3,6,2
"2022-04-08 16:00:00",4,3,0,3,1
"2022-04-08 17:00:00",11,10,2,8,1
"2022-04-09 08:00:00",8,7,1,6,1
"2022-04-09 09:00:00",10,9,3,6,1
"2022-04-09 10:00:00",10,10,3,7,0
"2022-04-09 11:00:00",10,9,2,7,1
"2022-04-09 13:00:00",4,4,1,3,0
"2022-04-09 14:00:00",12,10,4,6,2
"2022-04-09 15:00:00",10,8,3,5,2
"2022-04-09 16:00:00",10,10,1,9,0
"2022-04-11 09:00:00",5,3,0,3,2
"2022-04-11 10:00:00",4,4,0,4,0
"2022-04-11 11:00:00",2,2,0,2,0
"2022-04-11 12:00:00",3,3,0,3,0
"2022-04-11 14:00:00",9,8,1,7,1
"2022-04-11 15:00:00",8,7,2,5,1
"2022-04-11 16:00:00",5,4,0,4,1
"2022-04-11 17:00:00",8,6,1,5,2
"2022-04-12 09:00:00",11,10,6,4,1
"2022-04-12 10:00:00",6,3,0,3,3
"2022-04-12 11:00:00",5,5,0,5,0
"2022-04-12 12:00:00",1,1,0,1,0
"2022-04-12 14:00:00",5,4,0,4,1
"2022-04-12 15:00:00",4,4,1,3,0
"2022-04-12 16:00:00",6,5,1,4,1
"2022-04-12 17:00:00",5,4,0,4,1
"2022-04-13 09:00:00",9,7,1,6,2
"2022-04-13 09:30:00",1,1,1,0,0
"2022-04-13 10:00:00",2,2,0,2,0
"2022-04-13 11:00:00",6,6,1,5,0
"2022-04-13 12:00:00",1,1,0,1,0
"2022-04-13 14:00:00",13,10,2,8,3
"2022-04-13 15:00:00",7,4,1,3,3
"2022-04-13 16:00:00",3,3,0,3,0
"2022-04-13 17:00:00",7,6,3,3,1
"2022-04-14 09:00:00",9,7,2,5,2
"2022-04-14 10:00:00",5,3,1,2,2
"2022-04-14 11:00:00",8,6,0,6,2
"2022-04-14 12:00:00",3,3,3,0,0
"2022-04-14 14:00:00",4,4,2,2,0
"2022-04-14 15:00:00",6,4,0,4,2
"2022-04-14 16:00:00",8,7,2,5,1
"2022-04-14 17:00:00",2,2,0,2,0
"2022-04-18 09:00:00",4,2,1,1,2
"2022-04-18 10:00:00",3,3,0,3,0
"2022-04-18 11:00:00",6,3,2,1,3
"2022-04-18 12:00:00",3,2,0,2,1
"2022-04-18 14:00:00",10,10,2,8,0
"2022-04-18 15:00:00",11,9,3,6,2
"2022-04-18 16:00:00",8,6,1,5,2
"2022-04-18 17:00:00",11,9,2,7,2
"2022-04-19 09:00:00",5,4,1,3,1
"2022-04-19 10:00:00",6,5,2,3,1
"2022-04-19 11:00:00",1,0,0,0,1
"2022-04-19 12:00:00",2,1,0,1,1
"2022-04-19 14:00:00",6,6,2,4,0
"2022-04-19 15:00:00",8,8,1,7,0
"2022-04-19 15:30:00",1,1,1,0,0
"2022-04-19 16:00:00",5,3,1,2,2
"2022-04-19 17:00:00",10,8,2,6,2
"2022-04-20 09:00:00",8,7,4,3,1
"2022-04-20 10:00:00",3,2,1,1,1
"2022-04-20 11:00:00",4,2,1,1,2
"2022-04-20 12:00:00",6,6,2,4,0
"2022-04-20 14:00:00",11,8,2,6,3
"2022-04-20 15:00:00",7,4,0,4,3
"2022-04-20 16:00:00",4,4,0,4,0
"2022-04-20 17:00:00",10,8,1,7,2
"2022-04-25 09:00:00",10,9,2,7,1
"2022-04-25 10:00:00",6,4,1,3,2
"2022-04-25 11:00:00",5,5,2,3,0
"2022-04-25 12:00:00",6,5,2,3,1
"2022-04-25 14:00:00",7,5,0,5,2
"2022-04-25 15:00:00",6,4,1,3,2
"2022-04-25 16:00:00",4,3,1,2,1
"2022-04-25 17:00:00",11,9,3,6,2
"2022-04-26 09:00:00",5,5,3,2,0
"2022-04-26 10:00:00",5,4,1,3,1
"2022-04-26 11:00:00",6,6,3,3,0
"2022-04-26 12:00:00",4,4,1,3,0
"2022-04-26 14:00:00",8,5,4,1,3
"2022-04-26 15:00:00",4,1,1,0,3
"2022-04-26 16:00:00",5,3,2,1,2
"2022-04-26 17:00:00",2,2,0,2,0
"2022-04-27 09:00:00",4,3,2,1,1
"2022-04-27 10:00:00",7,5,0,5,2
"2022-04-27 11:00:00",7,4,0,4,3
"2022-04-27 12:00:00",4,4,2,2,0
"2022-04-27 14:00:00",9,8,3,5,1
"2022-04-27 15:00:00",8,7,3,4,1
"2022-04-27 16:00:00",2,1,0,1,1
"2022-04-27 17:00:00",7,4,0,4,3
"2022-04-28 09:00:00",6,3,0,3,3
"2022-04-28 10:00:00",4,4,3,1,0
"2022-04-28 11:00:00",1,1,0,1,0
"2022-04-28 12:00:00",8,8,5,3,0
"2022-04-28 14:00:00",5,2,1,1,3
"2022-04-28 15:00:00",4,4,2,2,0
"2022-04-28 16:00:00",3,3,1,2,0
"2022-04-28 17:00:00",8,5,2,3,3
"2022-04-29 09:00:00",6,5,2,3,1
"2022-04-29 10:00:00",3,2,1,1,1
"2022-04-29 11:00:00",4,2,1,1,2
"2022-04-29 12:00:00",2,1,1,0,1
"2022-04-29 14:00:00",10,9,4,5,1
"2022-04-29 15:00:00",10,5,3,2,5
"2022-04-29 16:00:00",2,2,1,1,0
"2022-04-29 17:00:00",12,9,2,7,3
"2022-04-30 08:00:00",8,7,4,3,1
"2022-04-30 09:00:00",9,9,6,3,0
"2022-04-30 10:00:00",10,6,3,3,4
"2022-04-30 11:00:00",11,9,4,5,2
"2022-04-30 13:00:00",12,9,4,5,3
"2022-04-30 14:00:00",14,11,3,8,3
"2022-04-30 15:00:00",12,11,4,7,1
"2022-04-30 16:00:00",11,8,4,4,3
"2022-05-03 09:00:00",11,8,2,6,3
"2022-05-03 10:00:00",13,13,3,10,0
"2022-05-03 11:00:00",9,6,5,1,3
"2022-05-03 12:00:00",8,8,3,5,0
"2022-05-03 14:00:00",10,9,2,7,1
"2022-05-03 15:00:00",9,8,2,6,1
"2022-05-03 16:00:00",6,5,1,4,1
"2022-05-03 17:00:00",12,11,5,6,1
"2022-05-03 18:22:00",1,1,1,0,0
"2022-05-04 09:00:00",3,3,3,0,0
"2022-05-04 10:00:00",6,6,0,6,0
"2022-05-04 11:00:00",3,2,2,0,1
"2022-05-04 12:00:00",2,2,0,2,0
"2022-05-04 14:00:00",9,8,4,4,1
"2022-05-04 15:00:00",5,4,2,2,1
"2022-05-04 16:00:00",3,3,1,2,0
"2022-05-04 17:00:00",5,3,1,2,2
"2022-05-05 09:00:00",5,5,1,4,0
"2022-05-05 10:00:00",3,3,0,3,0
"2022-05-05 11:00:00",6,5,2,3,1
"2022-05-05 12:00:00",5,4,3,1,1
"2022-05-05 14:00:00",11,10,3,7,1
"2022-05-05 15:00:00",5,4,0,4,1
"2022-05-05 16:00:00",1,1,1,0,0
"2022-05-05 17:00:00",9,6,3,3,3
"2022-05-06 09:00:00",7,6,1,5,1
"2022-05-06 10:00:00",3,2,0,2,1
"2022-05-06 11:00:00",4,3,1,2,1
"2022-05-06 12:00:00",1,1,0,1,0
"2022-05-06 14:00:00",7,7,2,5,0
"2022-05-06 15:00:00",6,5,0,5,1
"2022-05-06 16:00:00",6,6,2,4,0
"2022-05-06 17:00:00",3,3,1,2,0
"2022-05-07 08:00:00",7,7,3,4,0
"2022-05-07 09:00:00",10,7,2,5,3
"2022-05-07 10:00:00",10,8,3,5,2
"2022-05-07 11:00:00",9,7,1,6,2
"2022-05-07 13:00:00",12,11,3,8,1
"2022-05-07 14:00:00",12,12,3,9,0
"2022-05-07 15:00:00",11,11,2,9,0
"2022-05-07 16:00:00",11,9,1,8,2
"2022-05-10 09:00:00",9,9,5,4,0
"2022-05-10 10:00:00",9,8,2,6,1
"2022-05-10 11:00:00",10,10,2,8,0
"2022-05-10 12:00:00",4,3,0,3,1
"2022-05-10 14:00:00",5,5,1,4,0
"2022-05-10 15:00:00",9,7,2,5,2
"2022-05-10 16:00:00",3,3,2,1,0
"2022-05-10 17:00:00",6,5,1,4,1
"2022-05-11 09:00:00",6,3,1,2,3
"2022-05-11 10:00:00",7,4,2,2,3
"2022-05-11 11:00:00",1,1,1,0,0
"2022-05-11 12:00:00",4,3,0,3,1
"2022-05-11 14:00:00",4,3,0,3,1
"2022-05-11 15:00:00",5,4,2,2,1
"2022-05-11 16:00:00",3,2,2,0,1
"2022-05-11 17:00:00",6,4,0,4,2
"2022-05-12 09:00:00",5,4,0,4,1
"2022-05-12 10:00:00",2,2,1,1,0
"2022-05-12 11:00:00",3,3,1,2,0
"2022-05-12 12:00:00",2,1,1,0,1
"2022-05-12 14:00:00",4,3,1,2,1
"2022-05-12 15:00:00",5,5,2,3,0
"2022-05-12 16:00:00",1,1,0,1,0
"2022-05-12 17:00:00",8,5,1,4,3
"2022-05-13 09:00:00",6,6,0,6,0
"2022-05-13 10:00:00",5,2,1,1,3
"2022-05-13 11:00:00",1,1,0,1,0
"2022-05-13 12:00:00",5,3,1,2,2
"2022-05-13 14:00:00",4,4,2,2,0
"2022-05-13 15:00:00",5,4,1,3,1
"2022-05-13 16:00:00",3,3,0,3,0
"2022-05-13 17:00:00",10,8,1,7,2
"2022-05-14 08:00:00",12,11,4,7,1
"2022-05-14 09:00:00",11,10,4,6,1
"2022-05-14 10:00:00",14,10,4,6,4
"2022-05-14 11:00:00",12,9,4,5,3
"2022-05-14 13:00:00",9,8,1,7,1
"2022-05-14 14:00:00",11,8,5,3,3
"2022-05-14 15:00:00",10,9,3,6,1
"2022-05-14 16:00:00",11,9,1,8,2
"2022-05-17 09:00:00",11,7,2,5,4
"2022-05-17 10:00:00",11,10,2,8,1
"2022-05-17 11:00:00",9,4,0,4,5
"2022-05-17 12:00:00",2,1,1,0,1
"2022-05-17 14:00:00",8,6,2,4,2
"2022-05-17 15:00:00",9,8,3,5,1
"2022-05-17 16:00:00",5,4,1,3,1
"2022-05-17 17:00:00",10,6,1,5,4
"2022-05-18 09:00:00",8,6,3,3,2
"2022-05-18 10:00:00",9,8,3,5,1
"2022-05-18 11:00:00",2,1,0,1,1
"2022-05-18 12:00:00",3,3,0,3,0
"2022-05-18 14:00:00",4,3,1,2,1
"2022-05-18 15:00:00",4,3,0,3,1
"2022-05-18 16:00:00",11,6,2,4,5
"2022-05-18 17:00:00",10,6,2,4,4
"2022-05-19 09:00:00",7,6,2,4,1
"2022-05-19 10:00:00",7,7,0,7,0
"2022-05-19 11:00:00",3,1,1,0,2
"2022-05-19 12:00:00",3,3,2,1,0
"2022-05-19 14:00:00",12,11,6,5,1
"2022-05-19 15:00:00",4,2,1,1,2
"2022-05-19 16:00:00",8,5,2,3,3
"2022-05-19 17:00:00",4,4,0,4,0
"2022-05-20 09:00:00",6,3,0,3,3
"2022-05-20 10:00:00",6,4,2,2,2
"2022-05-20 11:00:00",6,5,3,2,1
"2022-05-20 12:00:00",3,2,2,0,1
"2022-05-20 14:00:00",6,5,3,2,1
"2022-05-20 15:00:00",4,3,0,3,1
"2022-05-20 16:00:00",4,3,1,2,1
"2022-05-20 17:00:00",6,5,0,5,1
"2022-05-21 08:00:00",4,4,0,4,0
"2022-05-21 09:00:00",4,3,0,3,1
"2022-05-21 10:00:00",13,10,4,6,3
"2022-05-21 11:00:00",13,12,4,8,1
"2022-05-21 13:00:00",11,7,0,7,4
"2022-05-21 14:00:00",12,8,1,7,4
"2022-05-21 15:00:00",11,7,1,6,4
"2022-05-21 16:00:00",10,9,2,7,1
"2022-05-24 09:00:00",9,6,4,2,3
"2022-05-24 10:00:00",9,5,1,4,4
"2022-05-24 11:00:00",5,4,3,1,1
"2022-05-24 12:00:00",6,2,0,2,4
"2022-05-24 14:00:00",6,6,1,5,0
"2022-05-24 15:00:00",8,8,4,4,0
"2022-05-24 16:00:00",5,4,1,3,1
"2022-05-24 17:00:00",8,6,2,4,2
"2022-05-25 09:00:00",4,3,1,2,1
"2022-05-25 10:00:00",4,4,1,3,0
"2022-05-25 11:00:00",6,6,2,4,0
"2022-05-25 12:00:00",5,3,1,2,2
"2022-05-25 14:00:00",12,8,0,8,4
"2022-05-25 15:00:00",9,8,5,3,1
"2022-05-25 16:00:00",7,6,2,4,1
"2022-05-25 17:00:00",4,3,1,2,1
"2022-05-26 09:00:00",6,4,1,3,2
"2022-05-26 10:00:00",3,3,0,3,0
"2022-05-26 11:00:00",2,2,1,1,0
"2022-05-26 12:00:00",6,5,4,1,1
"2022-05-26 14:00:00",4,3,1,2,1
"2022-05-26 15:00:00",2,2,0,2,0
"2022-05-26 16:00:00",3,2,0,2,1
"2022-05-26 17:00:00",4,2,0,2,2
"2022-05-27 09:00:00",3,3,2,1,0
"2022-05-27 10:00:00",3,3,2,1,0
"2022-05-27 11:00:00",7,5,2,3,2
"2022-05-27 12:00:00",2,2,0,2,0
"2022-05-27 14:00:00",6,5,2,3,1
"2022-05-27 15:00:00",4,4,0,4,0
"2022-05-27 16:00:00",3,3,0,3,0
"2022-05-27 17:00:00",10,7,2,5,3
"2022-05-28 08:00:00",7,6,1,5,1
"2022-05-28 09:00:00",9,6,1,5,3
"2022-05-28 10:00:00",13,10,3,7,3
"2022-05-28 11:00:00",10,9,2,7,1
"2022-05-28 13:00:00",11,7,2,5,4
"2022-05-28 14:00:00",12,12,4,8,0
"2022-05-28 15:00:00",14,10,0,10,4
"2022-05-28 16:00:00",9,6,2,4,3
"2022-05-31 09:00:00",5,3,2,1,2
"2022-05-31 10:00:00",4,3,1,2,1
"2022-05-31 11:00:00",6,6,2,4,0
"2022-05-31 12:00:00",1,1,1,0,0
"2022-05-31 12:48:00",1,1,1,0,0
"2022-05-31 14:00:00",9,7,2,5,2
"2022-05-31 15:00:00",9,6,2,4,3
"2022-05-31 16:00:00",3,2,0,2,1
"2022-05-31 17:00:00",6,4,2,2,2
"2022-06-01 09:00:00",11,9,3,6,2
"2022-06-01 10:00:00",2,2,1,1,0
"2022-06-01 11:00:00",5,2,1,1,3
"2022-06-01 12:00:00",6,5,2,3,1
"2022-06-01 14:00:00",9,8,3,5,1
"2022-06-01 15:00:00",9,7,1,6,2
"2022-06-01 16:00:00",6,4,2,2,2
"2022-06-01 17:00:00",3,2,2,0,1
"2022-06-02 09:00:00",5,4,2,2,1
"2022-06-02 10:00:00",6,5,1,4,1
"2022-06-02 11:00:00",3,2,1,1,1
"2022-06-02 14:00:00",5,5,1,4,0
"2022-06-02 15:00:00",5,1,1,0,4
"2022-06-02 16:00:00",9,9,1,8,0
"2022-06-02 17:00:00",3,3,2,1,0
"2022-06-03 09:00:00",4,3,0,3,1
"2022-06-03 10:00:00",4,2,2,0,2
"2022-06-03 11:00:00",3,2,0,2,1
"2022-06-03 12:00:00",3,3,2,1,0
"2022-06-03 14:00:00",4,4,2,2,0
"2022-06-03 15:00:00",3,1,0,1,2
"2022-06-03 16:00:00",6,6,2,4,0
"2022-06-03 17:00:00",9,7,2,5,2
"2022-06-04 08:00:00",6,4,1,3,2
"2022-06-04 09:00:00",10,10,5,5,0
"2022-06-04 10:00:00",11,7,0,7,4
"2022-06-04 11:00:00",10,9,3,6,1
"2022-06-04 13:00:00",13,8,3,5,5
"2022-06-04 14:00:00",10,10,3,7,0
"2022-06-04 15:00:00",13,13,4,9,0
"2022-06-04 16:00:00",12,8,0,8,4
"2022-06-07 09:00:00",9,8,5,3,1
"2022-06-07 10:00:00",11,7,1,6,4
"2022-06-07 11:00:00",6,6,1,5,0
"2022-06-07 12:00:00",6,6,4,2,0
"2022-06-07 14:00:00",8,4,1,3,4
"2022-06-07 15:00:00",11,8,6,2,3
"2022-06-07 16:00:00",9,7,5,2,2
"2022-06-07 17:00:00",11,7,2,5,4
"2022-06-08 09:00:00",6,5,2,3,1
"2022-06-08 10:00:00",4,4,1,3,0
"2022-06-08 11:00:00",7,7,3,4,0
"2022-06-08 12:00:00",1,0,0,0,1
"2022-06-08 14:00:00",9,7,2,5,2
"2022-06-08 15:00:00",7,7,1,6,0
"2022-06-08 16:00:00",5,5,1,4,0
"2022-06-08 17:00:00",7,4,3,1,3
"2022-06-09 09:00:00",4,3,2,1,1
"2022-06-09 10:00:00",6,6,2,4,0
"2022-06-09 11:00:00",3,3,2,1,0
"2022-06-09 12:00:00",1,0,0,0,1
"2022-06-09 14:00:00",2,2,1,1,0
"2022-06-09 15:00:00",6,4,0,4,2
"2022-06-09 16:00:00",4,2,1,1,2
"2022-06-09 17:00:00",3,1,1,0,2
"2022-06-10 09:00:00",6,4,2,2,2
"2022-06-10 10:00:00",5,5,2,3,0
"2022-06-10 11:00:00",4,4,1,3,0
"2022-06-10 12:00:00",3,2,1,1,1
"2022-06-10 14:00:00",9,8,2,6,1
"2022-06-10 15:00:00",7,5,4,1,2
"2022-06-10 16:00:00",9,8,3,5,1
"2022-06-10 17:00:00",7,3,0,3,4
"2022-06-11 08:00:00",8,8,3,5,0
"2022-06-11 09:00:00",11,10,2,8,1
"2022-06-11 10:00:00",12,6,3,3,6
"2022-06-11 11:00:00",15,9,5,4,6
"2022-06-11 13:00:00",9,8,4,4,1
"2022-06-11 14:00:00",10,8,3,5,2
"2022-06-11 15:00:00",10,7,4,3,3
"2022-06-11 16:00:00",10,7,1,6,3
"2022-06-14 09:00:00",5,2,1,1,3
"2022-06-14 10:00:00",7,7,2,5,0
"2022-06-14 11:00:00",9,7,0,7,2
"2022-06-14 12:00:00",4,3,1,2,1
"2022-06-14 14:00:00",9,6,2,4,3
"2022-06-14 15:00:00",8,6,0,6,2
"2022-06-14 16:00:00",6,3,1,2,3
"2022-06-14 17:00:00",11,11,2,9,0
"2022-06-15 09:00:00",7,4,1,3,3
"2022-06-15 10:00:00",3,2,0,2,1
"2022-06-15 11:00:00",4,3,0,3,1
"2022-06-15 12:00:00",4,4,1,3,0
"2022-06-15 14:00:00",7,6,1,5,1
"2022-06-15 15:00:00",8,5,1,4,3
"2022-06-15 16:00:00",3,1,0,1,2
"2022-06-15 17:00:00",3,3,1,2,0
"2022-06-16 09:00:00",1,0,0,0,1
"2022-06-16 10:00:00",4,3,1,2,1
"2022-06-16 11:00:00",7,7,0,7,0
"2022-06-16 14:00:00",11,10,3,7,1
"2022-06-16 15:00:00",10,9,4,5,1
"2022-06-16 16:00:00",6,6,5,1,0
"2022-06-16 17:00:00",5,2,0,2,3
"2022-06-17 09:00:00",9,6,0,6,3
"2022-06-17 10:00:00",9,6,2,4,3
"2022-06-17 11:00:00",3,3,2,1,0
"2022-06-17 12:00:00",3,3,0,3,0
"2022-06-17 14:00:00",6,1,1,0,5
"2022-06-17 15:00:00",8,5,0,5,3
"2022-06-17 16:00:00",2,2,1,1,0
"2022-06-17 17:00:00",9,7,0,7,2
"2022-06-18 08:00:00",8,6,4,2,2
"2022-06-18 09:00:00",6,5,1,4,1
"2022-06-18 10:00:00",12,9,2,7,3
"2022-06-18 11:00:00",11,10,3,7,1
"2022-06-18 13:00:00",12,9,3,6,3
"2022-06-18 14:00:00",9,6,1,5,3
"2022-06-18 15:00:00",13,8,1,7,5
"2022-06-18 16:00:00",11,10,0,10,1
"2022-06-21 09:00:00",8,5,3,2,3
"2022-06-21 10:00:00",6,3,0,3,3
"2022-06-21 11:00:00",6,4,1,3,2
"2022-06-21 12:00:00",3,3,1,2,0
"2022-06-21 14:00:00",9,8,2,6,1
"2022-06-21 15:00:00",9,7,0,7,2
"2022-06-21 16:00:00",4,2,0,2,2
"2022-06-21 17:00:00",11,7,2,5,4
"2022-06-22 09:00:00",5,4,0,4,1
"2022-06-22 10:00:00",7,5,2,3,2
"2022-06-22 11:00:00",5,5,1,4,0
"2022-06-22 12:00:00",4,0,0,0,4
"2022-06-22 14:00:00",7,4,1,3,3
"2022-06-22 15:00:00",6,5,2,3,1
"2022-06-22 16:00:00",4,2,0,2,2
"2022-06-22 17:00:00",7,5,2,3,2
"2022-06-23 09:00:00",5,5,0,5,0
"2022-06-23 10:00:00",3,2,1,1,1
"2022-06-23 11:00:00",3,3,1,2,0
"2022-06-23 12:00:00",3,2,0,2,1
"2022-06-23 14:00:00",8,6,2,4,2
"2022-06-23 15:00:00",7,6,2,4,1
"2022-06-23 16:00:00",1,1,1,0,0
"2022-06-23 17:00:00",8,6,0,6,2
"2022-06-24 09:00:00",4,1,1,0,3
"2022-06-24 10:00:00",4,4,2,2,0
"2022-06-24 11:00:00",3,2,0,2,1
"2022-06-24 12:00:00",2,1,1,0,1
"2022-06-24 14:00:00",7,4,1,3,3
"2022-06-24 15:00:00",10,7,1,6,3
"2022-06-24 16:00:00",4,4,3,1,0
"2022-06-24 17:00:00",9,7,2,5,2
"2022-06-25 08:00:00",8,8,2,6,0
"2022-06-25 09:00:00",10,9,1,8,1
"2022-06-25 10:00:00",9,7,0,7,2
"2022-06-25 10:30:00",1,1,1,0,0
"2022-06-25 11:00:00",13,8,1,7,5
"2022-06-25 12:00:00",1,1,1,0,0
"2022-06-25 13:00:00",8,8,2,6,0
"2022-06-25 14:00:00",11,10,1,9,1
"2022-06-25 15:00:00",10,8,0,8,2
"2022-06-25 16:00:00",10,8,0,8,2
"2022-06-28 09:00:00",11,7,1,6,4
"2022-06-28 10:00:00",10,6,0,6,4
"2022-06-28 11:00:00",12,7,2,5,5
"2022-06-28 12:00:00",3,0,0,0,3
"2022-06-28 14:00:00",9,6,3,3,3
"2022-06-28 15:00:00",12,8,3,5,4
"2022-06-28 16:00:00",6,5,3,2,1
"2022-06-28 17:00:00",2,2,1,1,0
"2022-06-29 09:00:00",8,5,2,3,3
"2022-06-29 10:00:00",3,3,1,2,0
"2022-06-29 11:00:00",9,6,0,6,3
"2022-06-29 11:30:00",1,1,1,0,0
"2022-06-29 12:00:00",2,2,0,2,0
"2022-06-29 14:00:00",10,7,1,6,3
"2022-06-29 15:00:00",5,3,2,1,2
"2022-06-29 16:00:00",3,2,1,1,1
"2022-06-29 17:00:00",5,4,1,3,1
"2022-06-30 09:00:00",5,4,2,2,1
"2022-06-30 10:00:00",7,5,4,1,2
"2022-06-30 11:00:00",9,7,3,4,2
"2022-06-30 14:00:00",7,5,2,3,2
"2022-06-30 15:00:00",4,2,1,1,2
"2022-06-30 16:00:00",6,1,0,1,5
"2022-06-30 17:00:00",5,4,1,3,1
"2022-07-01 09:00:00",3,2,0,2,1
"2022-07-01 10:00:00",8,6,1,5,2
"2022-07-01 11:00:00",4,3,0,3,1
"2022-07-01 12:00:00",1,1,0,1,0
"2022-07-01 14:00:00",6,3,1,2,3
"2022-07-01 15:00:00",8,5,0,5,3
"2022-07-01 16:00:00",8,8,6,2,0
"2022-07-01 17:00:00",6,4,0,4,2
"2022-07-02 08:00:00",9,7,0,7,2
"2022-07-02 09:00:00",11,8,3,5,3
"2022-07-02 10:00:00",11,8,1,7,3
"2022-07-02 11:00:00",11,10,2,8,1
"2022-07-02 13:00:00",10,6,0,6,4
"2022-07-02 14:00:00",13,9,2,7,4
"2022-07-02 15:00:00",14,9,3,6,5
"2022-07-02 16:00:00",11,9,1,8,2
"2022-07-05 09:00:00",11,10,3,7,1
"2022-07-05 10:00:00",11,6,4,2,5
"2022-07-05 11:00:00",12,6,1,5,6
"2022-07-05 12:00:00",4,3,2,1,1
"2022-07-05 14:00:00",12,10,4,6,2
"2022-07-05 15:00:00",8,3,2,1,5
"2022-07-05 16:00:00",7,5,3,2,2
"2022-07-05 17:00:00",11,8,1,7,3
"2022-07-06 09:00:00",8,7,3,4,1
"2022-07-06 10:00:00",5,5,0,5,0
"2022-07-06 11:00:00",6,4,3,1,2
"2022-07-06 12:00:00",6,5,3,2,1
"2022-07-06 14:00:00",5,3,1,2,2
"2022-07-06 15:00:00",11,7,3,4,4
"2022-07-06 16:00:00",6,4,1,3,2
"2022-07-06 17:00:00",9,5,1,4,4
"2022-07-07 09:00:00",6,5,3,2,1
"2022-07-07 10:00:00",5,4,1,3,1
"2022-07-07 10:30:00",1,1,1,0,0
"2022-07-07 11:00:00",7,6,1,5,1
"2022-07-07 12:00:00",2,2,1,1,0
"2022-07-07 14:00:00",9,7,0,7,2
"2022-07-07 15:00:00",6,4,4,0,2
"2022-07-07 16:00:00",8,7,3,4,1
"2022-07-07 17:00:00",4,2,0,2,2
"2022-07-08 09:00:00",5,3,0,3,2
"2022-07-08 10:00:00",5,3,1,2,2
"2022-07-08 11:00:00",9,8,4,4,1
"2022-07-08 12:00:00",3,3,1,2,0
"2022-07-08 14:00:00",5,4,2,2,1
"2022-07-08 15:00:00",7,6,1,5,1
"2022-07-08 16:00:00",5,5,2,3,0
"2022-07-08 17:00:00",12,6,2,4,6
"2022-07-09 11:00:00",1,1,0,1,0
"2022-07-12 09:00:00",10,7,2,5,3
"2022-07-12 10:00:00",17,10,3,7,7
"2022-07-12 11:00:00",12,10,6,4,2
"2022-07-12 12:00:00",8,7,2,5,1
"2022-07-12 13:30:00",1,1,0,1,0
"2022-07-12 14:00:00",7,4,1,3,3
"2022-07-12 15:00:00",8,5,1,4,3
"2022-07-12 16:00:00",7,7,5,2,0
"2022-07-12 17:00:00",10,7,2,5,3
"2022-07-13 09:00:00",8,5,2,3,3
"2022-07-13 10:00:00",6,5,1,4,1
"2022-07-13 11:00:00",9,6,1,5,3
"2022-07-13 12:00:00",5,5,0,5,0
"2022-07-13 14:00:00",6,5,3,2,1
"2022-07-13 15:00:00",8,4,1,3,4
"2022-07-13 16:00:00",3,3,2,1,0
"2022-07-13 17:00:00",3,3,1,2,0
"2022-07-14 09:00:00",2,2,0,2,0
"2022-07-14 10:00:00",8,3,3,0,5
"2022-07-14 11:00:00",4,3,1,2,1
"2022-07-14 12:00:00",4,2,2,0,2
"2022-07-14 14:00:00",8,7,4,3,1
"2022-07-14 15:00:00",4,3,1,2,1
"2022-07-14 16:00:00",4,3,2,1,1
"2022-07-14 17:00:00",4,2,1,1,2
"2022-07-15 09:00:00",3,2,0,2,1
"2022-07-15 10:00:00",8,7,3,4,1
"2022-07-15 11:00:00",8,7,2,5,1
"2022-07-15 12:00:00",4,3,2,1,1
"2022-07-15 14:00:00",7,5,1,4,2
"2022-07-15 15:00:00",5,3,0,3,2
"2022-07-15 16:00:00",3,3,1,2,0
"2022-07-15 17:00:00",6,3,0,3,3
"2022-07-15 18:00:00",1,1,1,0,0
"2022-07-16 08:00:00",7,5,2,3,2
"2022-07-16 09:00:00",10,7,1,6,3
"2022-07-16 10:00:00",11,7,1,6,4
"2022-07-16 11:00:00",12,7,1,6,5
"2022-07-16 13:00:00",10,9,3,6,1
"2022-07-16 14:00:00",12,8,1,7,4
"2022-07-16 15:00:00",12,6,3,3,6
"2022-07-16 16:00:00",12,10,1,9,2
"2022-07-19 09:00:00",7,5,2,3,2
"2022-07-19 10:00:00",9,5,3,2,4
"2022-07-19 11:00:00",12,11,5,6,1
"2022-07-19 12:00:00",3,3,0,3,0
"2022-07-19 14:00:00",8,5,0,5,3
"2022-07-19 15:00:00",8,7,1,6,1
"2022-07-19 16:00:00",5,3,1,2,2
"2022-07-19 17:00:00",12,7,0,7,5
"2022-07-20 09:00:00",8,7,1,6,1
"2022-07-20 10:00:00",4,2,0,2,2
"2022-07-20 11:00:00",6,4,2,2,2
"2022-07-20 11:30:00",1,1,0,1,0
"2022-07-20 12:00:00",3,3,1,2,0
"2022-07-20 14:00:00",5,4,2,2,1
"2022-07-20 15:00:00",8,7,4,3,1
"2022-07-20 16:00:00",2,2,1,1,0
"2022-07-20 17:00:00",7,4,1,3,3
"2022-07-21 09:00:00",4,4,2,2,0
"2022-07-21 10:00:00",6,5,2,3,1
"2022-07-21 11:00:00",3,3,1,2,0
"2022-07-21 12:00:00",4,3,2,1,1
"2022-07-21 14:00:00",3,2,0,2,1
"2022-07-21 15:00:00",5,5,3,2,0
"2022-07-21 16:00:00",1,0,0,0,1
"2022-07-21 17:00:00",5,2,1,1,3
"2022-07-22 09:00:00",4,2,0,2,2
"2022-07-22 10:00:00",6,4,2,2,2
"2022-07-22 11:00:00",7,4,2,2,3
"2022-07-22 12:00:00",5,4,1,3,1
"2022-07-22 14:00:00",10,9,2,7,1
"2022-07-22 15:00:00",8,8,4,4,0
"2022-07-22 16:00:00",6,4,0,4,2
"2022-07-22 17:00:00",9,8,4,4,1
"2022-07-23 08:00:00",9,6,2,4,3
"2022-07-23 09:00:00",10,9,2,7,1
"2022-07-23 10:00:00",12,10,2,8,2
"2022-07-23 11:00:00",13,8,2,6,5
"2022-07-23 13:00:00",9,5,3,2,4
"2022-07-23 14:00:00",8,4,1,3,4
"2022-07-23 15:00:00",8,7,4,3,1
"2022-07-23 16:00:00",9,8,2,6,1
"2022-07-26 09:00:00",10,6,1,5,4
"2022-07-26 10:00:00",7,5,2,3,2
"2022-07-26 11:00:00",7,6,0,6,1
"2022-07-26 12:00:00",8,7,2,5,1
"2022-07-26 14:00:00",12,8,1,7,4
"2022-07-26 15:00:00",10,7,4,3,3
"2022-07-26 16:00:00",9,7,2,5,2
"2022-07-26 17:00:00",10,9,3,6,1
"2022-07-27 09:00:00",8,5,3,2,3
"2022-07-27 10:00:00",8,6,2,4,2
"2022-07-27 11:00:00",5,3,2,1,2
"2022-07-27 12:00:00",4,4,1,3,0
"2022-07-27 12:30:00",1,1,1,0,0
"2022-07-27 14:00:00",7,5,4,1,2
"2022-07-27 15:00:00",6,5,3,2,1
"2022-07-27 16:00:00",5,3,0,3,2
"2022-07-27 17:00:00",10,4,1,3,6
"2022-07-28 09:00:00",5,4,4,0,1
"2022-07-28 10:00:00",10,9,3,6,1
"2022-07-28 11:00:00",8,5,0,5,3
"2022-07-28 12:00:00",5,4,3,1,1
"2022-07-28 14:00:00",8,5,2,3,3
"2022-07-28 15:00:00",8,8,5,3,0
"2022-07-28 16:00:00",8,8,3,5,0
"2022-07-28 17:00:00",6,5,3,2,1
"2022-07-29 09:00:00",7,3,1,2,4
"2022-07-29 10:00:00",6,4,2,2,2
"2022-07-29 11:00:00",4,2,0,2,2
"2022-07-29 12:00:00",3,3,1,2,0
"2022-07-29 14:00:00",7,4,0,4,3
"2022-07-29 15:00:00",5,3,0,3,2
"2022-07-29 16:00:00",5,5,2,3,0
"2022-07-29 17:00:00",7,5,3,2,2
"2022-07-30 08:00:00",7,5,3,2,2
"2022-07-30 09:00:00",5,5,2,3,0
"2022-07-30 10:00:00",12,10,2,8,2
"2022-07-30 11:00:00",6,3,1,2,3
"2022-07-30 13:00:00",9,4,2,2,5
"2022-07-30 14:00:00",10,3,0,3,7
"2022-07-30 15:00:00",14,11,0,11,3
"2022-07-30 16:00:00",10,6,2,4,4
"2022-08-01 09:00:00",2,2,1,1,0
"2022-08-01 10:00:00",4,2,2,0,2
"2022-08-01 11:00:00",3,2,0,2,1
"2022-08-01 12:00:00",3,1,1,0,2
"2022-08-01 14:00:00",3,2,0,2,1
"2022-08-01 15:00:00",5,4,1,3,1
"2022-08-01 16:00:00",3,3,0,3,0
"2022-08-01 17:00:00",4,2,1,1,2
"2022-08-02 09:00:00",10,7,2,5,3
"2022-08-02 10:00:00",10,8,3,5,2
"2022-08-02 11:00:00",9,6,1,5,3
"2022-08-02 12:00:00",7,5,2,3,2
"2022-08-02 14:00:00",7,5,1,4,2
"2022-08-02 15:00:00",7,3,0,3,4
"2022-08-02 16:00:00",10,4,2,2,6
"2022-08-02 17:00:00",9,7,3,4,2
"2022-08-03 09:00:00",7,5,2,3,2
"2022-08-03 10:00:00",6,4,2,2,2
"2022-08-03 11:00:00",5,4,0,4,1
"2022-08-03 12:00:00",6,4,1,3,2
"2022-08-03 14:00:00",6,5,3,2,1
"2022-08-03 15:00:00",6,5,1,4,1
"2022-08-03 15:30:00",1,1,1,0,0
"2022-08-03 16:00:00",8,5,1,4,3
"2022-08-03 17:00:00",7,3,2,1,4
"2022-08-04 09:00:00",8,3,1,2,5
"2022-08-04 10:00:00",9,6,2,4,3
"2022-08-04 11:00:00",8,6,2,4,2
"2022-08-04 11:30:00",1,1,1,0,0
"2022-08-04 12:00:00",6,5,4,1,1
"2022-08-04 14:00:00",9,4,0,4,5
"2022-08-04 15:00:00",8,5,2,3,3
"2022-08-04 16:00:00",9,8,2,6,1
"2022-08-04 17:00:00",11,8,1,7,3
"2022-08-05 09:00:00",8,2,1,1,6
"2022-08-05 10:00:00",6,6,2,4,0
"2022-08-05 11:00:00",7,4,3,1,3
"2022-08-05 12:00:00",4,4,0,4,0
"2022-08-05 14:00:00",6,6,3,3,0
"2022-08-05 15:00:00",8,4,3,1,4
"2022-08-05 16:00:00",10,5,1,4,5
"2022-08-05 17:00:00",9,6,4,2,3
"2022-08-06 08:00:00",8,5,3,2,3
"2022-08-06 09:00:00",8,8,2,6,0
"2022-08-06 10:00:00",11,10,3,7,1
"2022-08-06 11:00:00",10,6,0,6,4
"2022-08-06 11:30:00",1,1,1,0,0
"2022-08-06 13:00:00",8,4,3,1,4
"2022-08-06 14:00:00",13,9,4,5,4
"2022-08-06 15:00:00",12,9,4,5,3
"2022-08-06 16:00:00",10,5,0,5,5
"2022-08-06 17:00:00",1,1,1,0,0
"2022-08-08 09:00:00",3,0,0,0,3
"2022-08-08 10:00:00",3,2,1,1,1
"2022-08-08 11:00:00",4,3,1,2,1
"2022-08-08 12:00:00",3,2,1,1,1
"2022-08-08 14:00:00",3,1,0,1,2
"2022-08-08 15:00:00",3,2,0,2,1
"2022-08-08 16:00:00",3,3,0,3,0
"2022-08-08 17:00:00",4,3,1,2,1
"2022-08-09 09:00:00",9,7,1,6,2
"2022-08-09 10:00:00",8,7,4,3,1
"2022-08-09 11:00:00",7,5,2,3,2
"2022-08-09 12:00:00",5,1,1,0,4
"2022-08-09 14:00:00",7,4,1,3,3
"2022-08-09 15:00:00",10,8,5,3,2
"2022-08-09 16:00:00",8,3,3,0,5
"2022-08-09 17:00:00",9,7,3,4,2
"2022-08-10 09:00:00",5,1,0,1,4
"2022-08-10 10:00:00",5,3,0,3,2
"2022-08-10 11:00:00",5,1,0,1,4
"2022-08-10 12:00:00",4,4,4,0,0
"2022-08-10 14:00:00",8,6,3,3,2
"2022-08-10 15:00:00",6,6,4,2,0
"2022-08-10 16:00:00",6,4,1,3,2
"2022-08-10 17:00:00",8,7,3,4,1
"2022-08-11 09:00:00",7,4,2,2,3
"2022-08-11 10:00:00",5,4,2,2,1
"2022-08-11 11:00:00",8,4,2,2,4
"2022-08-11 12:00:00",3,1,1,0,2
"2022-08-11 14:00:00",5,4,1,3,1
"2022-08-11 15:00:00",9,6,2,4,3
"2022-08-11 16:00:00",4,2,2,0,2
"2022-08-11 17:00:00",6,3,1,2,3
"2022-08-12 09:00:00",8,6,4,2,2
"2022-08-12 10:00:00",5,5,2,3,0
"2022-08-12 11:00:00",4,4,2,2,0
"2022-08-12 11:30:00",1,1,1,0,0
"2022-08-12 12:00:00",3,2,0,2,1
"2022-08-12 14:00:00",7,7,4,3,0
"2022-08-12 15:00:00",7,2,0,2,5
"2022-08-12 16:00:00",9,6,1,5,3
"2022-08-12 17:00:00",6,5,1,4,1
"2022-08-13 08:00:00",5,5,2,3,0
"2022-08-13 09:00:00",7,6,4,2,1
"2022-08-13 10:00:00",6,4,1,3,2
"2022-08-13 11:00:00",9,7,2,5,2
"2022-08-13 13:00:00",4,2,0,2,2
"2022-08-13 14:00:00",8,6,1,5,2
"2022-08-13 15:00:00",10,5,0,5,5
"2022-08-13 16:00:00",11,10,3,7,1
"2022-08-15 09:00:00",3,3,0,3,0
"2022-08-15 10:00:00",3,1,0,1,2
"2022-08-15 11:00:00",4,3,0,3,1
"2022-08-15 12:00:00",3,2,1,1,1
"2022-08-15 14:00:00",2,2,1,1,0
"2022-08-15 15:00:00",3,3,1,2,0
"2022-08-15 16:00:00",3,2,0,2,1
"2022-08-15 17:00:00",3,0,0,0,3
"2022-08-16 09:00:00",8,5,1,4,3
"2022-08-16 10:00:00",6,4,1,3,2
"2022-08-16 11:00:00",7,6,5,1,1
"2022-08-16 12:00:00",4,2,2,0,2
"2022-08-16 14:00:00",8,5,3,2,3
"2022-08-16 15:00:00",4,3,0,3,1
"2022-08-16 16:00:00",6,6,2,4,0
"2022-08-16 17:00:00",5,5,2,3,0
"2022-08-17 09:00:00",6,4,0,4,2
"2022-08-17 10:00:00",5,3,2,1,2
"2022-08-17 11:00:00",5,5,2,3,0
"2022-08-17 12:00:00",4,3,2,1,1
"2022-08-17 13:00:00",1,1,1,0,0
"2022-08-17 14:00:00",6,5,2,3,1
"2022-08-17 15:00:00",6,2,1,1,4
"2022-08-17 16:00:00",4,2,2,0,2
"2022-08-17 17:00:00",9,6,1,5,3
"2022-08-18 09:00:00",5,4,0,4,1
"2022-08-18 10:00:00",4,1,0,1,3
"2022-08-18 11:00:00",3,2,0,2,1
"2022-08-18 12:00:00",1,1,1,0,0
"2022-08-18 14:00:00",6,6,2,4,0
"2022-08-18 15:00:00",5,3,1,2,2
"2022-08-18 16:00:00",4,4,2,2,0
"2022-08-18 17:00:00",5,3,2,1,2
"2022-08-19 09:00:00",6,5,1,4,1
"2022-08-19 10:00:00",5,4,1,3,1
"2022-08-19 11:00:00",3,3,0,3,0
"2022-08-19 12:00:00",3,1,1,0,2
"2022-08-19 14:00:00",7,6,3,3,1
"2022-08-19 15:00:00",8,5,1,4,3
"2022-08-19 16:00:00",8,6,2,4,2
"2022-08-19 17:00:00",9,2,0,2,7
"2022-08-20 08:00:00",5,4,3,1,1
"2022-08-20 09:00:00",6,3,1,2,3
"2022-08-20 10:00:00",8,3,1,2,5
"2022-08-20 11:00:00",8,6,2,4,2
"2022-08-20 13:00:00",9,3,1,2,6
"2022-08-20 14:00:00",9,6,2,4,3
"2022-08-20 15:00:00",12,8,2,6,4
"2022-08-20 16:00:00",10,5,0,5,5
"2022-08-22 09:00:00",3,2,0,2,1
"2022-08-22 10:00:00",3,0,0,0,3
"2022-08-22 11:00:00",3,1,0,1,2
"2022-08-22 12:00:00",3,3,0,3,0
"2022-08-22 14:00:00",2,1,1,0,1
"2022-08-22 15:00:00",2,1,0,1,1
"2022-08-22 16:00:00",4,3,1,2,1
"2022-08-22 17:00:00",4,4,2,2,0
"2022-08-23 09:00:00",7,7,0,7,0
"2022-08-23 10:00:00",6,4,2,2,2
"2022-08-23 11:00:00",6,5,2,3,1
"2022-08-23 12:00:00",5,3,2,1,2
"2022-08-23 14:00:00",7,6,3,3,1
"2022-08-23 15:00:00",10,7,1,6,3
"2022-08-23 15:30:00",1,1,0,1,0
"2022-08-23 16:00:00",5,4,3,1,1
"2022-08-23 17:00:00",6,4,3,1,2
"2022-08-23 18:30:00",1,1,1,0,0
"2022-08-24 09:00:00",7,5,2,3,2
"2022-08-24 10:00:00",7,6,1,5,1
"2022-08-24 11:00:00",4,3,0,3,1
"2022-08-24 12:00:00",2,2,1,1,0
"2022-08-24 14:00:00",6,6,3,3,0
"2022-08-24 15:00:00",7,6,1,5,1
"2022-08-24 16:00:00",8,5,0,5,3
"2022-08-24 17:00:00",8,7,2,5,1
"2022-08-25 09:00:00",6,5,2,3,1
"2022-08-25 10:00:00",4,4,2,2,0
"2022-08-25 11:00:00",4,2,1,1,2
"2022-08-25 12:00:00",3,2,1,1,1
"2022-08-25 14:00:00",6,6,1,5,0
"2022-08-25 15:00:00",3,2,1,1,1
"2022-08-25 16:00:00",5,4,3,1,1
"2022-08-25 17:00:00",8,7,2,5,1
"2022-08-26 09:00:00",4,3,1,2,1
"2022-08-26 10:00:00",3,3,3,0,0
"2022-08-26 11:00:00",6,4,2,2,2
"2022-08-26 12:00:00",3,2,1,1,1
"2022-08-26 14:00:00",4,4,1,3,0
"2022-08-26 15:00:00",4,3,1,2,1
"2022-08-26 16:00:00",7,6,1,5,1
"2022-08-26 17:00:00",10,7,2,5,3
"2022-08-27 08:00:00",4,1,0,1,3
"2022-08-27 09:00:00",6,4,3,1,2
"2022-08-27 10:00:00",9,5,0,5,4
"2022-08-27 11:00:00",11,8,3,5,3
"2022-08-27 13:00:00",8,6,1,5,2
"2022-08-27 14:00:00",9,4,1,3,5
"2022-08-27 15:00:00",6,5,1,4,1
"2022-08-27 16:00:00",8,5,0,5,3
"2022-08-29 09:00:00",3,3,0,3,0
"2022-08-29 10:00:00",3,2,0,2,1
"2022-08-29 11:00:00",3,2,1,1,1
"2022-08-29 12:00:00",1,1,0,1,0
"2022-08-29 14:00:00",3,2,1,1,1
"2022-08-29 15:00:00",4,4,2,2,0
"2022-08-29 16:00:00",3,3,1,2,0
"2022-08-29 17:00:00",3,2,0,2,1
"2022-08-30 09:00:00",5,5,4,1,0
"2022-08-30 10:00:00",5,2,1,1,3
"2022-08-30 11:00:00",5,4,1,3,1
"2022-08-30 14:00:00",4,2,1,1,2
"2022-08-30 15:00:00",7,7,0,7,0
"2022-08-30 16:00:00",7,6,1,5,1
"2022-08-30 17:00:00",4,4,1,3,0
"2022-08-31 09:00:00",4,4,1,3,0
"2022-08-31 10:00:00",6,3,2,1,3
"2022-08-31 11:00:00",4,4,1,3,0
"2022-08-31 12:00:00",2,2,0,2,0
"2022-08-31 14:00:00",5,4,0,4,1
"2022-08-31 15:00:00",3,2,1,1,1
"2022-08-31 16:00:00",6,5,2,3,1
"2022-08-31 17:00:00",6,4,1,3,2
"2022-09-01 09:00:00",5,5,3,2,0
"2022-09-01 10:00:00",5,4,2,2,1
"2022-09-01 11:00:00",3,1,0,1,2
"2022-09-01 12:00:00",1,1,1,0,0
"2022-09-01 14:00:00",8,5,1,4,3
"2022-09-01 15:00:00",5,3,2,1,2
"2022-09-01 16:00:00",7,4,2,2,3
"2022-09-01 17:00:00",8,4,1,3,4
"2022-09-02 09:00:00",5,1,0,1,4
"2022-09-02 10:00:00",5,3,0,3,2
"2022-09-02 11:00:00",6,3,2,1,3
"2022-09-02 12:00:00",2,2,0,2,0
"2022-09-02 14:00:00",4,3,0,3,1
"2022-09-02 15:00:00",6,4,1,3,2
"2022-09-02 16:00:00",6,6,2,4,0
"2022-09-02 17:00:00",7,5,1,4,2
"2022-09-03 08:00:00",5,5,3,2,0
"2022-09-03 09:00:00",7,5,1,4,2
"2022-09-03 10:00:00",9,7,3,4,2
"2022-09-03 11:00:00",7,7,5,2,0
"2022-09-03 13:00:00",6,4,2,2,2
"2022-09-03 14:00:00",10,7,2,5,3
"2022-09-03 15:00:00",9,5,1,4,4
"2022-09-03 16:00:00",9,5,1,4,4
"2022-09-05 09:00:00",1,0,0,0,1
"2022-09-05 10:00:00",3,1,0,1,2
"2022-09-05 11:00:00",2,2,0,2,0
"2022-09-05 12:00:00",2,1,1,0,1
"2022-09-05 14:00:00",2,2,0,2,0
"2022-09-05 15:00:00",3,2,1,1,1
"2022-09-05 16:00:00",1,1,1,0,0
"2022-09-05 17:00:00",3,2,1,1,1
"2022-09-06 09:00:00",5,3,2,1,2
"2022-09-06 10:00:00",6,4,1,3,2
"2022-09-06 11:00:00",7,5,3,2,2
"2022-09-06 12:00:00",4,3,1,2,1
"2022-09-06 14:00:00",5,3,1,2,2
"2022-09-06 15:00:00",8,6,2,4,2
"2022-09-06 16:00:00",6,3,0,3,3
"2022-09-06 17:00:00",7,5,1,4,2
"2022-09-08 09:00:00",6,3,0,3,3
"2022-09-08 10:00:00",6,4,2,2,2
"2022-09-08 11:00:00",8,6,2,4,2
"2022-09-08 12:00:00",4,3,1,2,1
"2022-09-08 14:00:00",6,6,3,3,0
"2022-09-08 15:00:00",7,5,1,4,2
"2022-09-08 16:00:00",5,4,1,3,1
"2022-09-08 17:00:00",8,6,0,6,2
"2022-09-09 09:00:00",7,4,0,4,3
"2022-09-09 10:00:00",5,4,2,2,1
"2022-09-09 11:00:00",6,5,3,2,1
"2022-09-09 12:00:00",4,4,1,3,0
"2022-09-09 12:30:00",1,1,0,1,0
"2022-09-09 14:00:00",7,6,0,6,1
"2022-09-09 15:00:00",6,3,1,2,3
"2022-09-09 16:00:00",5,5,3,2,0
"2022-09-09 17:00:00",8,7,2,5,1
"2022-09-10 08:00:00",5,3,0,3,2
"2022-09-10 09:00:00",7,3,1,2,4
"2022-09-10 10:00:00",10,7,3,4,3
"2022-09-10 11:00:00",8,5,1,4,3
"2022-09-10 13:00:00",6,5,2,3,1
"2022-09-10 14:00:00",10,8,4,4,2
"2022-09-10 15:00:00",11,7,2,5,4
"2022-09-10 16:00:00",11,8,1,7,3
"2022-09-12 09:00:00",3,1,0,1,2
"2022-09-12 10:00:00",2,2,1,1,0
"2022-09-12 11:00:00",2,2,0,2,0
"2022-09-12 12:00:00",2,2,0,2,0
"2022-09-12 14:00:00",4,3,1,2,1
"2022-09-12 15:00:00",3,2,1,1,1
"2022-09-12 16:00:00",3,2,0,2,1
"2022-09-12 17:00:00",3,2,2,0,1
"2022-09-13 09:00:00",5,5,2,3,0
"2022-09-13 10:00:00",8,3,3,0,5
"2022-09-13 11:00:00",8,4,3,1,4
"2022-09-13 12:00:00",5,5,2,3,0
"2022-09-13 14:00:00",10,7,1,6,3
"2022-09-13 15:00:00",7,5,1,4,2
"2022-09-13 16:00:00",11,7,2,5,4
"2022-09-13 17:00:00",9,5,1,4,4
"2022-09-14 09:00:00",7,4,2,2,3
"2022-09-14 10:00:00",6,5,2,3,1
"2022-09-14 11:00:00",3,1,1,0,2
"2022-09-14 12:00:00",3,2,0,2,1
"2022-09-14 14:00:00",6,5,2,3,1
"2022-09-14 15:00:00",9,7,3,4,2
"2022-09-14 16:00:00",7,6,1,5,1
"2022-09-14 17:00:00",5,3,1,2,2
"2022-09-15 09:00:00",9,9,3,6,0
"2022-09-15 10:00:00",5,3,1,2,2
"2022-09-15 11:00:00",4,1,0,1,3
"2022-09-15 12:00:00",5,4,2,2,1
"2022-09-15 14:00:00",5,4,2,2,1
"2022-09-15 15:00:00",7,6,1,5,1
"2022-09-15 16:00:00",5,4,2,2,1
"2022-09-15 17:00:00",6,4,1,3,2
"2022-09-16 09:00:00",3,3,0,3,0
"2022-09-16 10:00:00",6,4,1,3,2
"2022-09-16 11:00:00",6,5,2,3,1
"2022-09-16 12:00:00",5,2,1,1,3
"2022-09-16 14:00:00",9,9,5,4,0
"2022-09-16 15:00:00",8,5,0,5,3
"2022-09-16 15:30:00",1,1,1,0,0
"2022-09-16 16:00:00",11,5,2,3,6
"2022-09-16 17:00:00",10,8,2,6,2
"2022-09-17 08:00:00",8,7,1,6,1
"2022-09-17 09:00:00",11,7,1,6,4
"2022-09-17 10:00:00",9,7,0,7,2
"2022-09-17 11:00:00",8,7,1,6,1
"2022-09-17 13:00:00",10,8,2,6,2
"2022-09-17 14:00:00",11,7,2,5,4
"2022-09-17 15:00:00",10,9,0,9,1
"2022-09-17 16:00:00",10,9,1,8,1
"2022-09-19 09:00:00",4,3,1,2,1
"2022-09-19 10:00:00",3,3,0,3,0
"2022-09-19 11:00:00",4,4,2,2,0
"2022-09-19 12:00:00",4,2,0,2,2
"2022-09-19 14:00:00",4,2,0,2,2
"2022-09-19 15:00:00",3,2,0,2,1
"2022-09-19 16:00:00",3,3,1,2,0
"2022-09-19 17:00:00",3,2,0,2,1
"2022-09-20 09:00:00",10,7,1,6,3
"2022-09-20 10:00:00",6,5,0,5,1
"2022-09-20 11:00:00",5,2,1,1,3
"2022-09-20 12:00:00",5,5,5,0,0
"2022-09-20 14:00:00",9,7,1,6,2
"2022-09-20 15:00:00",8,6,3,3,2
"2022-09-20 16:00:00",8,6,2,4,2
"2022-09-20 17:00:00",6,4,1,3,2
"2022-09-21 09:00:00",7,5,2,3,2
"2022-09-21 10:00:00",6,4,1,3,2
"2022-09-21 11:00:00",7,6,3,3,1
"2022-09-21 12:00:00",5,4,3,1,1
"2022-09-21 14:00:00",9,8,1,7,1
"2022-09-21 15:00:00",6,3,1,2,3
"2022-09-21 16:00:00",5,4,1,3,1
"2022-09-21 17:00:00",8,6,2,4,2
"2022-09-22 09:00:00",5,4,1,3,1
"2022-09-22 10:00:00",5,3,1,2,2
"2022-09-22 11:00:00",6,5,1,4,1
"2022-09-22 12:00:00",3,2,1,1,1
"2022-09-22 14:00:00",6,3,2,1,3
"2022-09-22 15:00:00",9,5,0,5,4
"2022-09-22 16:00:00",6,4,1,3,2
"2022-09-22 17:00:00",8,8,3,5,0
"2022-09-23 09:00:00",8,6,1,5,2
"2022-09-23 10:00:00",7,6,1,5,1
"2022-09-23 11:00:00",6,4,2,2,2
"2022-09-23 12:00:00",7,7,4,3,0
"2022-09-23 14:00:00",8,8,2,6,0
"2022-09-23 15:00:00",7,5,1,4,2
"2022-09-23 16:00:00",8,5,2,3,3
"2022-09-23 17:00:00",9,9,2,7,0
"2022-09-24 08:00:00",9,5,2,3,4
"2022-09-24 09:00:00",10,9,2,7,1
"2022-09-24 10:00:00",14,13,2,11,1
"2022-09-24 11:00:00",10,8,1,7,2
"2022-09-24 13:00:00",10,10,6,4,0
"2022-09-24 14:00:00",13,12,2,10,1
"2022-09-24 15:00:00",12,9,3,6,3
"2022-09-24 16:00:00",11,8,1,7,3
"2022-09-26 09:00:00",3,3,0,3,0
"2022-09-26 10:00:00",4,3,1,2,1
"2022-09-26 11:00:00",3,3,0,3,0
"2022-09-26 12:00:00",3,2,0,2,1
"2022-09-26 14:00:00",5,5,0,5,0
"2022-09-26 15:00:00",4,3,1,2,1
"2022-09-26 16:00:00",3,2,0,2,1
"2022-09-26 17:00:00",3,3,0,3,0
"2022-09-27 09:00:00",8,7,2,5,1
"2022-09-27 10:00:00",9,7,2,5,2
"2022-09-27 11:00:00",9,7,3,4,2
"2022-09-27 12:00:00",7,3,3,0,4
"2022-09-27 14:00:00",10,7,2,5,3
"2022-09-27 15:00:00",12,7,1,6,5
"2022-09-27 16:00:00",9,3,1,2,6
"2022-09-27 17:00:00",10,10,2,8,0
"2022-09-28 09:00:00",10,8,0,8,2
"2022-09-28 10:00:00",10,6,2,4,4
"2022-09-28 11:00:00",6,5,3,2,1
"2022-09-28 12:00:00",5,4,2,2,1
"2022-09-28 14:00:00",7,7,2,5,0
"2022-09-28 15:00:00",9,6,1,5,3
"2022-09-28 16:00:00",9,9,2,7,0
"2022-09-28 17:00:00",6,6,2,4,0
"2022-09-29 09:00:00",6,4,1,3,2
"2022-09-29 10:00:00",6,2,1,1,4
"2022-09-29 11:00:00",8,4,2,2,4
"2022-09-29 12:00:00",7,4,1,3,3
"2022-09-29 14:00:00",8,4,1,3,4
"2022-09-29 15:00:00",6,5,2,3,1
"2022-09-29 16:00:00",7,6,2,4,1
"2022-09-29 17:00:00",7,5,2,3,2
"2022-09-30 09:00:00",6,4,1,3,2
"2022-09-30 10:00:00",6,6,1,5,0
"2022-09-30 11:00:00",6,4,2,2,2
"2022-09-30 12:00:00",5,5,3,2,0
"2022-09-30 12:30:00",1,1,0,1,0
"2022-09-30 14:00:00",11,9,1,8,2
"2022-09-30 15:00:00",10,7,1,6,3
"2022-09-30 16:00:00",8,6,1,5,2
"2022-09-30 17:00:00",8,5,0,5,3
"2022-10-01 08:00:00",10,10,3,7,0
"2022-10-01 09:00:00",9,7,2,5,2
"2022-10-01 10:00:00",9,8,2,6,1
"2022-10-01 11:00:00",12,9,1,8,3
"2022-10-01 13:00:00",8,7,1,6,1
"2022-10-01 14:00:00",10,10,1,9,0
"2022-10-01 15:00:00",10,7,2,5,3
"2022-10-01 16:00:00",9,8,1,7,1
"2022-10-03 09:00:00",4,2,0,2,2
"2022-10-03 10:00:00",4,3,0,3,1
"2022-10-03 11:00:00",3,3,1,2,0
"2022-10-03 12:00:00",3,2,1,1,1
"2022-10-03 14:00:00",4,4,1,3,0
"2022-10-03 15:00:00",3,2,0,2,1
"2022-10-03 16:00:00",8,5,2,3,3
"2022-10-03 17:00:00",4,3,0,3,1
"2022-10-04 09:00:00",7,6,3,3,1
"2022-10-04 10:00:00",11,8,2,6,3
"2022-10-04 11:00:00",10,8,0,8,2
"2022-10-04 12:00:00",8,4,1,3,4
"2022-10-04 14:00:00",9,4,1,3,5
"2022-10-04 14:30:00",1,1,0,1,0
"2022-10-04 15:00:00",10,7,3,4,3
"2022-10-04 16:00:00",9,8,2,6,1
"2022-10-04 17:00:00",10,10,2,8,0
"2022-10-04 17:30:00",1,1,1,0,0
"2022-10-05 09:00:00",7,4,2,2,3
"2022-10-05 10:00:00",9,6,2,4,3
"2022-10-05 11:00:00",7,5,1,4,2
"2022-10-05 12:00:00",7,6,0,6,1
"2022-10-05 14:00:00",10,7,1,6,3
"2022-10-05 15:00:00",9,7,2,5,2
"2022-10-05 16:00:00",8,7,2,5,1
"2022-10-05 17:00:00",11,9,1,8,2
"2022-10-06 09:00:00",9,7,2,5,2
"2022-10-06 10:00:00",10,9,1,8,1
"2022-10-06 11:00:00",7,6,0,6,1
"2022-10-06 12:00:00",7,6,3,3,1
"2022-10-06 14:00:00",8,6,1,5,2
"2022-10-06 15:00:00",8,3,2,1,5
"2022-10-06 16:00:00",8,7,2,5,1
"2022-10-06 17:00:00",11,10,2,8,1
"2022-10-07 09:00:00",7,6,1,5,1
"2022-10-07 10:00:00",8,5,2,3,3
"2022-10-07 11:00:00",9,6,3,3,3
"2022-10-07 12:00:00",9,7,1,6,2
"2022-10-07 14:00:00",10,10,1,9,0
"2022-10-07 15:00:00",8,8,1,7,0
"2022-10-07 16:00:00",8,5,1,4,3
"2022-10-07 17:00:00",10,8,1,7,2
"2022-10-08 08:00:00",10,8,3,5,2
"2022-10-08 09:00:00",8,8,4,4,0
"2022-10-08 10:00:00",11,10,3,7,1
"2022-10-08 11:00:00",12,11,1,10,1
"2022-10-08 13:00:00",13,6,0,6,7
"2022-10-08 13:30:00",2,2,1,1,0
"2022-10-08 14:00:00",8,6,3,3,2
"2022-10-08 15:00:00",9,8,1,7,1
"2022-10-08 16:00:00",12,10,0,10,2
"2022-10-10 09:00:00",5,4,0,4,1
"2022-10-10 10:00:00",4,4,2,2,0
"2022-10-10 11:00:00",4,3,0,3,1
"2022-10-10 12:00:00",3,3,0,3,0
"2022-10-10 14:00:00",5,5,1,4,0
"2022-10-10 15:00:00",6,5,1,4,1
"2022-10-10 16:00:00",4,4,1,3,0
"2022-10-10 17:00:00",4,4,0,4,0
"2022-10-11 09:00:00",9,5,1,4,4
"2022-10-11 10:00:00",9,6,2,4,3
"2022-10-11 11:00:00",10,6,1,5,4
"2022-10-11 12:00:00",7,4,1,3,3
"2022-10-11 14:00:00",10,6,2,4,4
"2022-10-11 15:00:00",9,7,3,4,2
"2022-10-11 16:00:00",8,5,2,3,3
"2022-10-11 17:00:00",10,7,1,6,3
"2022-10-13 09:00:00",9,7,0,7,2
"2022-10-13 09:30:00",1,1,1,0,0
"2022-10-13 10:00:00",8,6,2,4,2
"2022-10-13 11:00:00",8,7,4,3,1
"2022-10-13 12:00:00",8,7,3,4,1
"2022-10-13 14:00:00",8,6,1,5,2
"2022-10-13 15:00:00",9,8,1,7,1
"2022-10-13 16:00:00",11,10,3,7,1
"2022-10-13 17:00:00",8,6,1,5,2
"2022-10-14 09:00:00",10,7,3,4,3
"2022-10-14 10:00:00",8,6,3,3,2
"2022-10-14 10:30:00",1,1,1,0,0
"2022-10-14 11:00:00",9,8,2,6,1
"2022-10-14 12:00:00",6,5,4,1,1
"2022-10-14 14:00:00",10,8,1,7,2
"2022-10-14 15:00:00",7,7,2,5,0
"2022-10-14 16:00:00",8,8,2,6,0
"2022-10-14 17:00:00",10,9,1,8,1
"2022-10-15 08:00:00",8,7,0,7,1
"2022-10-15 09:00:00",7,7,2,5,0
"2022-10-15 10:00:00",8,7,2,5,1
"2022-10-15 10:30:00",1,0,0,0,1
"2022-10-15 11:00:00",8,7,2,5,1
"2022-10-15 13:00:00",10,9,2,7,1
"2022-10-15 14:00:00",9,6,3,3,3
"2022-10-15 15:00:00",12,8,3,5,4
"2022-10-15 16:00:00",8,7,2,5,1
"2022-10-15 17:30:00",1,1,1,0,0
"2022-10-17 09:00:00",4,4,2,2,0
"2022-10-17 10:00:00",3,3,0,3,0
"2022-10-17 11:00:00",2,2,0,2,0
"2022-10-17 11:30:00",1,1,1,0,0
"2022-10-17 12:00:00",5,2,1,1,3
"2022-10-17 14:00:00",3,3,1,2,0
"2022-10-17 15:00:00",3,3,0,3,0
"2022-10-17 16:00:00",4,4,1,3,0
"2022-10-17 17:00:00",3,3,0,3,0
"2022-10-17 18:00:00",1,1,1,0,0
"2022-10-17 18:30:00",1,1,1,0,0
"2022-10-18 09:00:00",7,6,4,2,1
"2022-10-18 10:00:00",12,9,3,6,3
"2022-10-18 11:00:00",8,6,3,3,2
"2022-10-18 12:00:00",7,5,2,3,2
"2022-10-18 14:00:00",9,8,3,5,1
"2022-10-18 14:30:00",1,1,0,1,0
"2022-10-18 15:00:00",10,8,0,8,2
"2022-10-18 16:00:00",8,7,3,4,1
"2022-10-18 17:00:00",9,7,1,6,2
"2022-10-19 09:00:00",8,5,2,3,3
"2022-10-19 10:00:00",8,6,4,2,2
"2022-10-19 11:00:00",8,7,4,3,1
"2022-10-19 12:00:00",6,6,2,4,0
"2022-10-19 14:00:00",8,4,2,2,4
"2022-10-19 14:30:00",2,2,0,2,0
"2022-10-19 15:00:00",7,4,2,2,3
"2022-10-19 16:00:00",10,3,1,2,7
"2022-10-19 17:00:00",10,8,1,7,2
"2022-10-20 09:00:00",7,6,3,3,1
"2022-10-20 10:00:00",6,3,0,3,3
"2022-10-20 11:00:00",6,5,0,5,1
"2022-10-20 12:00:00",5,5,0,5,0
"2022-10-20 12:30:00",1,1,1,0,0
"2022-10-20 13:00:00",1,1,1,0,0
"2022-10-20 14:00:00",8,7,4,3,1
"2022-10-20 15:00:00",6,5,2,3,1
"2022-10-20 16:00:00",8,8,3,5,0
"2022-10-20 17:00:00",8,7,3,4,1
"2022-10-21 09:00:00",7,6,3,3,1
"2022-10-21 10:00:00",6,4,2,2,2
"2022-10-21 11:00:00",6,5,3,2,1
"2022-10-21 12:00:00",5,5,1,4,0
"2022-10-21 14:00:00",9,6,1,5,3
"2022-10-21 15:00:00",9,7,1,6,2
"2022-10-21 16:00:00",7,6,1,5,1
"2022-10-21 17:00:00",9,7,2,5,2
"2022-10-22 08:00:00",7,5,0,5,2
"2022-10-22 09:00:00",9,5,1,4,4
"2022-10-22 10:00:00",11,11,3,8,0
"2022-10-22 11:00:00",8,7,1,6,1
"2022-10-22 13:00:00",9,8,2,6,1
"2022-10-22 14:00:00",9,8,1,7,1
"2022-10-22 15:00:00",11,7,1,6,4
"2022-10-22 16:00:00",9,6,1,5,3
"2022-10-24 09:00:00",3,3,1,2,0
"2022-10-24 10:00:00",4,2,1,1,2
"2022-10-24 11:00:00",4,3,0,3,1
"2022-10-24 12:00:00",3,3,1,2,0
"2022-10-24 14:00:00",3,3,1,2,0
"2022-10-24 15:00:00",4,4,1,3,0
"2022-10-24 16:00:00",3,3,0,3,0
"2022-10-24 17:00:00",2,2,0,2,0
"2022-10-25 09:00:00",8,8,1,7,0
"2022-10-25 10:00:00",8,5,1,4,3
"2022-10-25 11:00:00",6,5,2,3,1
"2022-10-25 12:00:00",6,4,2,2,2
"2022-10-25 14:00:00",7,5,1,4,2
"2022-10-25 15:00:00",6,4,1,3,2
"2022-10-25 16:00:00",8,8,3,5,0
"2022-10-25 17:00:00",7,5,3,2,2
"2022-10-26 09:00:00",4,2,1,1,2
"2022-10-26 10:00:00",9,6,3,3,3
"2022-10-26 11:00:00",6,5,4,1,1
"2022-10-26 12:00:00",5,4,1,3,1
"2022-10-26 14:00:00",6,5,2,3,1
"2022-10-26 15:00:00",4,4,1,3,0
"2022-10-26 16:00:00",7,6,2,4,1
"2022-10-26 17:00:00",6,4,2,2,2
"2022-10-27 09:00:00",4,4,3,1,0
"2022-10-27 10:00:00",6,4,0,4,2
"2022-10-27 10:30:00",1,1,0,1,0
"2022-10-27 11:00:00",8,4,1,3,4
"2022-10-27 12:00:00",2,2,0,2,0
"2022-10-27 14:00:00",7,6,1,5,1
"2022-10-27 15:00:00",4,3,1,2,1
"2022-10-27 16:00:00",5,5,2,3,0
"2022-10-27 17:00:00",4,3,1,2,1
"2022-10-28 09:00:00",5,4,2,2,1
"2022-10-28 10:00:00",6,5,3,2,1
"2022-10-28 11:00:00",3,3,2,1,0
"2022-10-28 12:00:00",3,2,2,0,1
"2022-10-28 14:00:00",5,4,1,3,1
"2022-10-28 15:00:00",8,5,0,5,3
"2022-10-28 16:00:00",5,4,2,2,1
"2022-10-28 17:00:00",4,3,2,1,1
"2022-10-29 08:00:00",4,4,1,3,0
"2022-10-29 09:00:00",8,7,2,5,1
"2022-10-29 10:00:00",9,8,1,7,1
"2022-10-29 11:00:00",9,7,2,5,2
"2022-10-29 13:00:00",8,8,1,7,0
"2022-10-29 14:00:00",8,8,2,6,0
"2022-10-29 15:00:00",11,11,2,9,0
"2022-10-29 16:00:00",8,7,4,3,1
"2022-10-31 09:00:00",3,1,0,1,2
"2022-10-31 10:00:00",3,2,0,2,1
"2022-10-31 11:00:00",4,3,1,2,1
"2022-10-31 12:00:00",2,1,0,1,1
"2022-10-31 14:00:00",7,7,1,6,0
"2022-10-31 15:00:00",3,3,1,2,0
"2022-10-31 16:00:00",3,3,1,2,0
"2022-10-31 17:00:00",3,3,1,2,0
"2022-11-01 09:00:00",5,4,2,2,1
"2022-11-01 10:00:00",9,8,2,6,1
"2022-11-01 11:00:00",8,6,3,3,2
"2022-11-01 12:00:00",5,4,1,3,1
"2022-11-01 14:00:00",7,6,4,2,1
"2022-11-01 15:00:00",6,5,2,3,1
"2022-11-01 16:00:00",6,6,0,6,0
"2022-11-01 17:00:00",6,4,2,2,2
"2022-11-03 09:00:00",7,4,1,3,3
"2022-11-03 09:30:00",1,1,1,0,0
"2022-11-03 10:00:00",6,4,0,4,2
"2022-11-03 11:00:00",8,3,1,2,5
"2022-11-03 12:00:00",3,3,1,2,0
"2022-11-03 14:00:00",3,2,1,1,1
"2022-11-03 15:00:00",5,5,1,4,0
"2022-11-03 16:00:00",7,6,2,4,1
"2022-11-03 17:00:00",5,4,1,3,1
"2022-11-04 09:00:00",4,2,1,1,2
"2022-11-04 10:00:00",8,5,2,3,3
"2022-11-04 11:00:00",7,5,1,4,2
"2022-11-04 12:00:00",2,2,1,1,0
"2022-11-04 14:00:00",8,6,1,5,2
"2022-11-04 15:00:00",6,5,1,4,1
"2022-11-04 16:00:00",5,4,2,2,1
"2022-11-04 17:00:00",5,4,1,3,1
"2022-11-05 08:00:00",5,5,1,4,0
"2022-11-05 09:00:00",6,6,3,3,0
"2022-11-05 10:00:00",8,8,3,5,0
"2022-11-05 11:00:00",5,4,1,3,1
"2022-11-05 13:00:00",6,3,2,1,3
"2022-11-05 14:00:00",8,7,3,4,1
"2022-11-05 15:00:00",8,7,2,5,1
"2022-11-05 16:00:00",10,9,1,8,1
"2022-11-07 09:00:00",5,3,1,2,2
"2022-11-07 10:00:00",6,5,2,3,1
"2022-11-07 11:00:00",3,1,1,0,2
"2022-11-07 12:00:00",2,1,0,1,1
"2022-11-07 14:00:00",3,1,0,1,2
"2022-11-07 15:00:00",3,2,2,0,1
"2022-11-07 16:00:00",3,1,0,1,2
"2022-11-07 17:00:00",6,5,3,2,1
"2022-11-08 09:00:00",9,7,1,6,2
"2022-11-08 10:00:00",6,4,1,3,2
"2022-11-08 11:00:00",7,5,1,4,2
"2022-11-08 12:00:00",2,2,1,1,0
"2022-11-08 14:00:00",6,5,1,4,1
"2022-11-08 15:00:00",5,3,1,2,2
"2022-11-08 16:00:00",7,3,2,1,4
"2022-11-08 17:00:00",5,4,2,2,1
"2022-11-09 09:00:00",6,4,0,4,2
"2022-11-09 10:00:00",6,4,2,2,2
"2022-11-09 11:00:00",4,3,2,1,1
"2022-11-09 12:00:00",3,3,2,1,0
"2022-11-09 14:00:00",7,6,1,5,1
"2022-11-09 15:00:00",2,2,1,1,0
"2022-11-09 16:00:00",4,2,0,2,2
"2022-11-09 17:00:00",1,1,0,1,0
"2022-11-10 08:00:00",2,1,1,0,1
"2022-11-10 09:00:00",4,3,1,2,1
"2022-11-10 10:00:00",4,2,0,2,2
"2022-11-10 11:00:00",2,1,0,1,1
"2022-11-10 14:00:00",7,7,3,4,0
"2022-11-10 15:00:00",7,4,0,4,3
"2022-11-10 16:00:00",6,5,2,3,1
"2022-11-10 17:00:00",5,4,3,1,1
"2022-11-11 09:00:00",1,0,0,0,1
"2022-11-11 10:00:00",3,2,1,1,1
"2022-11-11 11:00:00",6,5,1,4,1
"2022-11-11 12:00:00",3,2,2,0,1
"2022-11-11 14:00:00",7,5,2,3,2
"2022-11-11 15:00:00",6,4,0,4,2
"2022-11-11 16:00:00",6,3,1,2,3
"2022-11-11 17:00:00",4,4,2,2,0
"2022-11-12 08:00:00",7,5,2,3,2
"2022-11-12 09:00:00",9,5,1,4,4
"2022-11-12 10:00:00",8,8,3,5,0
"2022-11-12 11:00:00",8,8,4,4,0
"2022-11-12 13:00:00",6,4,1,3,2
"2022-11-12 14:00:00",7,7,3,4,0
"2022-11-12 15:00:00",9,9,1,8,0
"2022-11-12 16:00:00",9,7,0,7,2
"2022-11-16 09:00:00",4,3,1,2,1
"2022-11-16 10:00:00",7,5,1,4,2
"2022-11-16 11:00:00",6,5,1,4,1
"2022-11-16 12:00:00",3,2,0,2,1
"2022-11-16 14:00:00",8,8,2,6,0
"2022-11-16 15:00:00",10,9,2,7,1
"2022-11-16 16:00:00",6,5,1,4,1
"2022-11-16 17:00:00",6,5,3,2,1
"2022-11-17 08:00:00",4,2,1,1,2
"2022-11-17 09:00:00",4,2,2,0,2
"2022-11-17 10:00:00",4,3,3,0,1
"2022-11-17 11:00:00",5,4,3,1,1
"2022-11-17 12:00:00",3,3,1,2,0
"2022-11-17 14:00:00",5,4,0,4,1
"2022-11-17 15:00:00",7,5,1,4,2
"2022-11-17 16:00:00",6,3,0,3,3
"2022-11-17 17:00:00",8,6,0,6,2
"2022-11-18 09:00:00",3,2,1,1,1
"2022-11-18 10:00:00",7,6,2,4,1
"2022-11-18 11:00:00",5,4,3,1,1
"2022-11-18 12:00:00",2,2,1,1,0
"2022-11-18 14:00:00",7,4,1,3,3
"2022-11-18 15:00:00",10,5,2,3,5
"2022-11-18 16:00:00",6,4,3,1,2
"2022-11-18 17:00:00",7,6,0,6,1
"2022-11-19 08:00:00",4,3,2,1,1
"2022-11-19 09:00:00",8,8,3,5,0
"2022-11-19 10:00:00",8,6,1,5,2
"2022-11-19 11:00:00",8,8,3,5,0
"2022-11-19 13:00:00",6,4,3,1,2
"2022-11-19 14:00:00",10,8,2,6,2
"2022-11-19 15:00:00",7,7,1,6,0
"2022-11-19 16:00:00",11,9,2,7,2
"2022-11-21 09:00:00",6,3,2,1,3
"2022-11-21 10:00:00",3,3,0,3,0
"2022-11-21 11:00:00",2,1,0,1,1
"2022-11-21 12:00:00",2,1,1,0,1
"2022-11-21 14:00:00",6,5,2,3,1
"2022-11-21 15:00:00",6,6,1,5,0
"2022-11-21 16:00:00",5,5,2,3,0
"2022-11-21 17:00:00",5,3,0,3,2
"2022-11-22 09:00:00",7,7,4,3,0
"2022-11-22 10:00:00",5,4,1,3,1
"2022-11-22 11:00:00",5,4,0,4,1
"2022-11-22 12:00:00",3,3,2,1,0
"2022-11-22 14:00:00",5,5,1,4,0
"2022-11-22 15:00:00",5,5,1,4,0
"2022-11-22 16:00:00",5,4,1,3,1
"2022-11-22 17:00:00",5,4,2,2,1
"2022-11-23 09:00:00",4,1,0,1,3
"2022-11-23 10:00:00",7,3,2,1,4
"2022-11-23 11:00:00",3,2,1,1,1
"2022-11-23 12:00:00",3,2,2,0,1
"2022-11-23 14:00:00",6,5,0,5,1
"2022-11-23 15:00:00",8,7,1,6,1
"2022-11-23 16:00:00",6,4,3,1,2
"2022-11-23 17:00:00",6,4,1,3,2
"2022-11-24 08:00:00",4,4,0,4,0
"2022-11-24 09:00:00",5,3,2,1,2
"2022-11-24 10:00:00",4,0,0,0,4
"2022-11-24 11:00:00",1,1,0,1,0
"2022-11-24 12:00:00",2,2,1,1,0
"2022-11-24 13:00:00",1,0,0,0,1
"2022-11-24 14:00:00",5,4,1,3,1
"2022-11-25 09:00:00",7,7,3,4,0
"2022-11-25 10:00:00",6,4,0,4,2
"2022-11-25 11:00:00",6,3,2,1,3
"2022-11-25 12:00:00",3,1,0,1,2
"2022-11-25 14:00:00",3,2,1,1,1
"2022-11-25 15:00:00",4,3,3,0,1
"2022-11-25 16:00:00",5,4,1,3,1
"2022-11-25 17:00:00",4,4,0,4,0
"2022-11-26 08:00:00",3,2,1,1,1
"2022-11-26 09:00:00",7,7,4,3,0
"2022-11-26 10:00:00",8,8,1,7,0
"2022-11-26 11:00:00",8,5,2,3,3
"2022-11-26 13:00:00",5,3,1,2,2
"2022-11-26 14:00:00",7,7,1,6,0
"2022-11-26 15:00:00",8,8,3,5,0
"2022-11-26 16:00:00",7,6,3,3,1
"2022-11-29 09:00:00",8,8,3,5,0
"2022-11-29 10:00:00",7,6,1,5,1
"2022-11-29 11:00:00",8,4,2,2,4
"2022-11-29 12:00:00",5,4,2,2,1
"2022-11-29 14:00:00",8,7,3,4,1
"2022-11-29 15:00:00",8,7,0,7,1
"2022-11-29 16:00:00",7,5,0,5,2
"2022-11-29 17:00:00",8,7,1,6,1
"2022-11-30 09:00:00",4,4,1,3,0
"2022-11-30 10:00:00",6,5,0,5,1
"2022-11-30 11:00:00",4,2,1,1,2
"2022-11-30 12:00:00",4,4,1,3,0
"2022-11-30 14:00:00",6,4,2,2,2
"2022-11-30 15:00:00",5,3,0,3,2
"2022-11-30 16:00:00",6,4,0,4,2
"2022-11-30 17:00:00",5,4,0,4,1
"2022-12-01 08:00:00",2,2,1,1,0
"2022-12-01 09:00:00",6,5,1,4,1
"2022-12-01 10:00:00",5,3,2,1,2
"2022-12-01 10:30:00",1,1,1,0,0
"2022-12-01 11:00:00",4,4,1,3,0
"2022-12-01 11:30:00",1,1,0,1,0
"2022-12-01 12:00:00",3,3,2,1,0
"2022-12-01 14:00:00",4,4,2,2,0
"2022-12-01 15:00:00",4,4,0,4,0
"2022-12-01 15:30:00",1,1,1,0,0
"2022-12-01 16:00:00",5,5,1,4,0
"2022-12-01 17:00:00",6,4,2,2,2
"2022-12-02 09:00:00",6,4,2,2,2
"2022-12-02 10:00:00",3,2,2,0,1
"2022-12-02 11:00:00",8,7,4,3,1
"2022-12-02 12:00:00",2,1,0,1,1
"2022-12-02 13:00:00",2,1,1,0,1
"2022-12-02 14:00:00",4,2,0,2,2
"2022-12-03 08:00:00",8,6,3,3,2
"2022-12-03 09:00:00",6,5,3,2,1
"2022-12-03 10:00:00",8,5,3,2,3
"2022-12-03 11:00:00",10,10,3,7,0
"2022-12-03 13:00:00",7,6,1,5,1
"2022-12-03 14:00:00",10,8,1,7,2
"2022-12-03 15:00:00",7,6,2,4,1
"2022-12-03 16:00:00",8,8,0,8,0
"2022-12-05 09:00:00",5,4,0,4,1
"2022-12-05 10:00:00",7,4,1,3,3
"2022-12-05 11:00:00",4,4,1,3,0
"2022-12-05 12:00:00",3,3,3,0,0
"2022-12-05 14:00:00",4,3,0,3,1
"2022-12-05 15:00:00",4,2,0,2,2
"2022-12-05 16:00:00",3,2,0,2,1
"2022-12-05 17:00:00",4,2,0,2,2
"2022-12-06 09:00:00",6,3,1,2,3
"2022-12-06 10:00:00",5,3,2,1,2
"2022-12-06 11:00:00",4,3,1,2,1
"2022-12-06 12:00:00",3,1,1,0,2
"2022-12-06 14:00:00",8,7,2,5,1
"2022-12-06 15:00:00",9,8,1,7,1
"2022-12-06 16:00:00",8,5,1,4,3
"2022-12-06 17:00:00",7,6,2,4,1
"2022-12-07 09:00:00",5,5,1,4,0
"2022-12-07 10:00:00",5,3,1,2,2
"2022-12-07 11:00:00",7,5,1,4,2
"2022-12-07 12:00:00",4,4,3,1,0
"2022-12-07 14:00:00",7,6,0,6,1
"2022-12-07 15:00:00",7,7,2,5,0
"2022-12-07 16:00:00",6,3,1,2,3
"2022-12-07 17:00:00",6,4,0,4,2
"2022-12-08 09:00:00",3,3,0,3,0
"2022-12-08 10:00:00",2,0,0,0,2
"2022-12-08 11:00:00",2,2,0,2,0
"2022-12-08 12:00:00",1,1,1,0,0
"2022-12-08 14:00:00",7,2,1,1,5
"2022-12-08 15:00:00",5,5,1,4,0
"2022-12-08 16:00:00",5,3,0,3,2
"2022-12-08 17:00:00",6,5,1,4,1
"2022-12-09 09:00:00",6,5,1,4,1
"2022-12-09 10:00:00",8,7,1,6,1
"2022-12-09 11:00:00",7,4,3,1,3
"2022-12-09 12:00:00",1,1,0,1,0
"2022-12-09 14:00:00",2,1,0,1,1
"2022-12-09 15:00:00",4,3,0,3,1
"2022-12-09 16:00:00",2,2,0,2,0
"2022-12-09 17:00:00",3,1,0,1,2
"2022-12-10 08:00:00",4,3,2,1,1
"2022-12-10 09:00:00",7,6,0,6,1
"2022-12-10 10:00:00",9,7,2,5,2
"2022-12-10 11:00:00",7,5,2,3,2
"2022-12-10 13:00:00",8,7,2,5,1
"2022-12-10 14:00:00",9,8,2,6,1
"2022-12-10 15:00:00",7,6,0,6,1
"2022-12-10 16:00:00",8,8,1,7,0
"2022-12-10 17:00:00",1,1,0,1,0
"2022-12-12 09:00:00",10,8,0,8,2
"2022-12-12 10:00:00",6,6,1,5,0
"2022-12-12 11:00:00",4,4,0,4,0
"2022-12-12 12:00:00",3,3,0,3,0
"2022-12-12 12:30:00",1,1,1,0,0
"2022-12-12 14:00:00",5,4,3,1,1
"2022-12-12 15:00:00",3,2,1,1,1
"2022-12-12 16:00:00",5,2,0,2,3
"2022-12-12 17:00:00",6,5,2,3,1
"2022-12-13 09:00:00",3,2,2,0,1
"2022-12-13 10:00:00",3,2,0,2,1
"2022-12-13 11:00:00",6,5,0,5,1
"2022-12-13 12:00:00",3,3,0,3,0
"2022-12-13 14:00:00",6,4,0,4,2
"2022-12-13 15:00:00",5,4,0,4,1
"2022-12-13 16:00:00",6,4,2,2,2
"2022-12-13 16:30:00",1,1,0,1,0
"2022-12-13 17:00:00",7,5,1,4,2
"2022-12-14 09:00:00",2,2,1,1,0
"2022-12-14 10:00:00",2,1,0,1,1
"2022-12-14 11:00:00",2,2,1,1,0
"2022-12-14 12:00:00",2,2,0,2,0
"2022-12-14 14:00:00",3,2,1,1,1
"2022-12-14 15:00:00",4,3,1,2,1
"2022-12-14 16:00:00",2,2,1,1,0
"2022-12-14 17:00:00",4,3,1,2,1
"2022-12-15 08:00:00",3,3,0,3,0
"2022-12-15 09:00:00",3,1,0,1,2
"2022-12-15 10:00:00",4,2,1,1,2
"2022-12-15 11:00:00",7,6,2,4,1
"2022-12-15 12:00:00",2,2,2,0,0
"2022-12-15 14:00:00",6,5,0,5,1
"2022-12-15 15:00:00",7,5,3,2,2
"2022-12-15 16:00:00",4,3,1,2,1
"2022-12-15 17:00:00",5,5,0,5,0
"2022-12-16 09:00:00",5,3,0,3,2
"2022-12-16 10:00:00",5,4,2,2,1
"2022-12-16 11:00:00",2,2,0,2,0
"2022-12-16 14:00:00",6,5,2,3,1
"2022-12-16 15:00:00",6,6,2,4,0
"2022-12-16 16:00:00",6,5,2,3,1
"2022-12-16 17:00:00",8,5,2,3,3
"2022-12-17 08:00:00",4,4,1,3,0
"2022-12-17 09:00:00",7,5,1,4,2
"2022-12-17 10:00:00",8,8,1,7,0
"2022-12-17 11:00:00",7,6,3,3,1
"2022-12-17 13:00:00",7,7,1,6,0
"2022-12-17 14:00:00",9,5,0,5,4
"2022-12-17 15:00:00",9,7,1,6,2
"2022-12-17 16:00:00",9,7,0,7,2
"2022-12-19 09:00:00",4,4,1,3,0
"2022-12-19 10:00:00",2,2,1,1,0
"2022-12-19 11:00:00",2,2,0,2,0
"2022-12-19 12:00:00",3,1,1,0,2
"2022-12-19 14:00:00",6,4,1,3,2
"2022-12-19 15:00:00",5,5,1,4,0
"2022-12-19 16:00:00",3,3,2,1,0
"2022-12-19 17:00:00",3,2,0,2,1
"2022-12-20 09:00:00",8,7,1,6,1
"2022-12-20 10:00:00",6,6,3,3,0
"2022-12-20 11:00:00",6,5,2,3,1
"2022-12-20 12:00:00",1,1,0,1,0
"2022-12-20 14:00:00",7,4,1,3,3
"2022-12-20 15:00:00",7,5,1,4,2
"2022-12-20 16:00:00",7,7,3,4,0
"2022-12-20 17:00:00",6,4,1,3,2
"2022-12-21 09:00:00",6,5,1,4,1
"2022-12-21 10:00:00",7,6,0,6,1
"2022-12-21 11:00:00",7,5,0,5,2
"2022-12-21 12:00:00",3,3,1,2,0
"2022-12-21 14:00:00",5,4,2,2,1
"2022-12-21 15:00:00",4,2,0,2,2
"2022-12-21 16:00:00",7,5,1,4,2
"2022-12-21 17:00:00",6,5,0,5,1
"2022-12-22 08:00:00",3,1,1,0,2
"2022-12-22 09:00:00",4,3,1,2,1
"2022-12-22 10:00:00",4,3,2,1,1
"2022-12-22 11:00:00",6,5,3,2,1
"2022-12-22 12:00:00",3,3,1,2,0
"2022-12-22 14:00:00",6,4,0,4,2
"2022-12-22 15:00:00",6,4,1,3,2
"2022-12-22 16:00:00",4,4,2,2,0
"2022-12-22 17:00:00",7,6,0,6,1
"2022-12-23 09:00:00",2,2,2,0,0
"2022-12-23 10:00:00",6,3,1,2,3
"2022-12-23 11:00:00",2,2,0,2,0
"2022-12-23 14:00:00",6,4,1,3,2
"2022-12-23 15:00:00",3,3,0,3,0
"2022-12-23 16:00:00",3,2,1,1,1
"2022-12-23 17:00:00",6,5,1,4,1
"2022-12-26 09:00:00",2,2,0,2,0
"2022-12-26 10:00:00",3,3,1,2,0
"2022-12-26 11:00:00",4,2,0,2,2
"2022-12-26 12:00:00",1,1,1,0,0
"2022-12-26 14:00:00",1,1,0,1,0
"2022-12-26 15:00:00",2,2,0,2,0
"2022-12-26 16:00:00",2,2,0,2,0
"2022-12-26 17:00:00",1,1,0,1,0
"2022-12-27 09:00:00",3,3,1,2,0
"2022-12-27 10:00:00",9,7,4,3,2
"2022-12-27 11:00:00",6,4,2,2,2
"2022-12-27 14:00:00",5,5,2,3,0
"2022-12-27 15:00:00",9,5,1,4,4
"2022-12-27 16:00:00",5,2,2,0,3
"2022-12-27 17:00:00",7,6,3,3,1
"2022-12-28 09:00:00",4,3,1,2,1
"2022-12-28 10:00:00",4,4,1,3,0
"2022-12-28 11:00:00",4,4,1,3,0
"2022-12-28 12:00:00",1,1,1,0,0
"2022-12-28 14:00:00",4,3,1,2,1
"2022-12-28 15:00:00",6,6,0,6,0
"2022-12-28 16:00:00",6,1,0,1,5
"2022-12-28 17:00:00",3,3,0,3,0
"2022-12-29 08:00:00",1,1,0,1,0
"2022-12-29 09:00:00",1,1,0,1,0
"2022-12-29 10:00:00",6,5,2,3,1
"2022-12-29 11:00:00",4,3,1,2,1
"2022-12-29 14:00:00",4,3,1,2,1
"2022-12-29 15:00:00",6,5,1,4,1
"2022-12-29 16:00:00",4,4,1,3,0
"2022-12-29 17:00:00",5,5,1,4,0
"2022-12-30 09:00:00",2,1,1,0,1
"2022-12-30 10:00:00",2,2,0,2,0
"2022-12-30 11:00:00",1,1,1,0,0
"2022-12-30 14:00:00",2,0,0,0,2
"2022-12-30 15:00:00",3,3,1,2,0
"2022-12-30 16:00:00",2,1,0,1,1
"2022-12-30 16:30:00",1,1,1,0,0
"2023-01-03 09:00:00",8,7,3,4,1
"2023-01-03 10:00:00",8,8,2,6,0
"2023-01-03 11:00:00",7,6,3,3,1
"2023-01-03 12:00:00",4,3,1,2,1
"2023-01-03 14:00:00",6,6,3,3,0
"2023-01-03 15:00:00",4,4,2,2,0
"2023-01-03 16:00:00",5,5,0,5,0
"2023-01-03 17:00:00",4,4,3,1,0
"2023-01-04 09:00:00",7,5,0,5,2
"2023-01-04 10:00:00",8,6,2,4,2
"2023-01-04 11:00:00",7,6,2,4,1
"2023-01-04 12:00:00",4,3,1,2,1
"2023-01-04 14:00:00",8,8,2,6,0
"2023-01-04 15:00:00",7,5,1,4,2
"2023-01-04 16:00:00",6,5,2,3,1
"2023-01-04 16:30:00",1,1,1,0,0
"2023-01-04 17:00:00",6,6,1,5,0
"2023-01-04 17:30:00",1,1,0,1,0
"2023-01-05 09:00:00",3,2,1,1,1
"2023-01-05 10:00:00",5,4,1,3,1
"2023-01-05 11:00:00",6,4,1,3,2
"2023-01-05 12:00:00",3,3,1,2,0
"2023-01-05 14:00:00",4,3,0,3,1
"2023-01-05 15:00:00",6,4,1,3,2
"2023-01-05 16:00:00",8,6,0,6,2
"2023-01-05 17:00:00",4,2,1,1,2
"2023-01-06 09:00:00",4,3,1,2,1
"2023-01-06 10:00:00",6,5,3,2,1
"2023-01-06 11:00:00",5,5,2,3,0
"2023-01-06 12:00:00",3,3,2,1,0
"2023-01-06 14:00:00",5,3,1,2,2
"2023-01-06 15:00:00",6,6,3,3,0
"2023-01-06 16:00:00",6,4,2,2,2
"2023-01-06 17:00:00",6,4,1,3,2
"2023-01-07 08:00:00",5,4,2,2,1
"2023-01-07 09:00:00",5,5,1,4,0
"2023-01-07 10:00:00",9,9,1,8,0
"2023-01-07 11:00:00",7,7,1,6,0
"2023-01-07 13:00:00",6,5,2,3,1
"2023-01-07 14:00:00",4,4,0,4,0
"2023-01-07 15:00:00",6,5,0,5,1
"2023-01-07 16:00:00",7,6,1,5,1
"2023-01-10 09:00:00",7,6,0,6,1
"2023-01-10 10:00:00",9,6,2,4,3
"2023-01-10 11:00:00",8,7,3,4,1
"2023-01-10 12:00:00",5,4,3,1,1
"2023-01-10 14:00:00",10,8,3,5,2
"2023-01-10 15:00:00",9,9,1,8,0
"2023-01-10 16:00:00",6,4,2,2,2
"2023-01-10 17:00:00",5,5,3,2,0
"2023-01-11 09:00:00",2,2,1,1,0
"2023-01-11 10:00:00",6,4,1,3,2
"2023-01-11 11:00:00",5,5,4,1,0
"2023-01-11 12:00:00",8,8,2,6,0
"2023-01-11 14:00:00",9,9,1,8,0
"2023-01-11 15:00:00",7,7,4,3,0
"2023-01-11 16:00:00",7,7,3,4,0
"2023-01-11 17:00:00",7,7,1,6,0
"2023-01-12 09:00:00",4,4,3,1,0
"2023-01-12 10:00:00",7,5,2,3,2
"2023-01-12 11:00:00",5,4,1,3,1
"2023-01-12 12:00:00",3,2,2,0,1
"2023-01-12 14:00:00",7,7,2,5,0
"2023-01-12 15:00:00",8,7,4,3,1
"2023-01-12 16:00:00",7,6,3,3,1
"2023-01-12 17:00:00",5,5,4,1,0
"2023-01-13 09:00:00",5,5,0,5,0
"2023-01-13 10:00:00",4,4,1,3,0
"2023-01-13 11:00:00",3,3,1,2,0
"2023-01-13 12:00:00",4,3,1,2,1
"2023-01-13 14:00:00",6,6,1,5,0
"2023-01-13 15:00:00",6,6,1,5,0
"2023-01-13 16:00:00",6,5,1,4,1
"2023-01-13 17:00:00",8,6,2,4,2
"2023-01-14 08:00:00",6,4,3,1,2
"2023-01-14 09:00:00",9,8,2,6,1
"2023-01-14 10:00:00",10,10,3,7,0
"2023-01-14 11:00:00",10,5,2,3,5
"2023-01-14 13:00:00",7,6,1,5,1
"2023-01-14 14:00:00",8,7,1,6,1
"2023-01-14 15:00:00",9,6,1,5,3
"2023-01-14 16:00:00",9,4,0,4,5
"2023-01-17 09:00:00",7,5,3,2,2
"2023-01-17 10:00:00",9,7,2,5,2
"2023-01-17 11:00:00",6,4,2,2,2
"2023-01-17 12:00:00",8,4,2,2,4
"2023-01-17 14:00:00",11,9,2,7,2
"2023-01-17 15:00:00",8,6,1,5,2
"2023-01-17 16:00:00",7,6,1,5,1
"2023-01-17 17:00:00",9,6,0,6,3
"2023-01-18 09:00:00",4,2,1,1,2
"2023-01-18 10:00:00",7,5,3,2,2
"2023-01-18 11:00:00",7,7,3,4,0
"2023-01-18 12:00:00",4,4,1,3,0
"2023-01-18 14:00:00",6,6,2,4,0
"2023-01-18 15:00:00",7,5,0,5,2
"2023-01-18 16:00:00",4,4,3,1,0
"2023-01-18 17:00:00",3,2,0,2,1
"2023-01-19 09:00:00",4,4,2,2,0
"2023-01-19 10:00:00",7,7,1,6,0
"2023-01-19 11:00:00",5,5,2,3,0
"2023-01-19 12:00:00",3,3,2,1,0
"2023-01-19 14:00:00",5,5,0,5,0
"2023-01-19 15:00:00",5,3,2,1,2
"2023-01-19 16:00:00",5,1,0,1,4
"2023-01-19 17:00:00",4,3,1,2,1
"2023-01-20 09:00:00",6,4,1,3,2
"2023-01-20 09:30:00",1,1,1,0,0
"2023-01-20 10:00:00",8,8,4,4,0
"2023-01-20 11:00:00",4,4,2,2,0
"2023-01-20 12:00:00",4,3,2,1,1
"2023-01-20 14:00:00",6,5,3,2,1
"2023-01-20 15:00:00",7,5,3,2,2
"2023-01-20 16:00:00",8,8,1,7,0
"2023-01-20 17:00:00",7,6,2,4,1
"2023-01-21 08:00:00",5,3,2,1,2
"2023-01-21 09:00:00",6,5,2,3,1
"2023-01-21 10:00:00",8,7,1,6,1
"2023-01-21 11:00:00",8,5,2,3,3
"2023-01-21 13:00:00",8,7,0,7,1
"2023-01-21 14:00:00",10,6,1,5,4
"2023-01-21 15:00:00",7,6,0,6,1
"2023-01-21 16:00:00",6,6,3,3,0
"2023-01-24 09:00:00",8,7,3,4,1
"2023-01-24 10:00:00",9,8,3,5,1
"2023-01-24 11:00:00",8,5,2,3,3
"2023-01-24 12:00:00",5,4,1,3,1
"2023-01-24 14:00:00",8,7,1,6,1
"2023-01-24 15:00:00",9,8,1,7,1
"2023-01-24 16:00:00",9,9,1,8,0
"2023-01-24 17:00:00",6,5,0,5,1
"2023-01-26 09:00:00",5,5,1,4,0
"2023-01-26 10:00:00",5,4,0,4,1
"2023-01-26 11:00:00",8,7,2,5,1
"2023-01-26 12:00:00",8,6,0,6,2
"2023-01-26 13:00:00",1,1,0,1,0
"2023-01-26 14:00:00",8,6,1,5,2
"2023-01-26 15:00:00",8,5,0,5,3
"2023-01-26 16:00:00",8,7,2,5,1
"2023-01-26 17:00:00",9,9,0,9,0
"2023-01-27 09:00:00",6,4,1,3,2
"2023-01-27 10:00:00",7,5,3,2,2
"2023-01-27 11:00:00",5,3,0,3,2
"2023-01-27 12:00:00",7,5,1,4,2
"2023-01-27 14:00:00",4,4,1,3,0
"2023-01-27 15:00:00",8,7,2,5,1
"2023-01-27 16:00:00",8,8,0,8,0
"2023-01-27 17:00:00",10,8,0,8,2
"2023-01-27 18:00:00",1,1,0,1,0
"2023-01-28 08:00:00",7,6,1,5,1
"2023-01-28 09:00:00",7,7,2,5,0
"2023-01-28 10:00:00",10,9,2,7,1
"2023-01-28 11:00:00",8,8,0,8,0
"2023-01-28 13:00:00",9,8,1,7,1
"2023-01-28 14:00:00",9,8,2,6,1
"2023-01-28 15:00:00",8,7,0,7,1
"2023-01-28 16:00:00",8,7,0,7,1
"2023-01-31 09:00:00",11,10,4,6,1
"2023-01-31 10:00:00",13,9,1,8,4
"2023-01-31 11:00:00",11,8,0,8,3
"2023-01-31 12:00:00",9,6,2,4,3
"2023-01-31 12:30:00",1,1,0,1,0
"2023-01-31 14:00:00",9,9,4,5,0
"2023-01-31 15:00:00",7,6,1,5,1
"2023-01-31 16:00:00",10,7,1,6,3
"2023-01-31 17:00:00",10,9,2,7,1
"2023-02-01 09:00:00",7,6,3,3,1
"2023-02-01 10:00:00",6,6,0,6,0
"2023-02-01 11:00:00",5,5,2,3,0
"2023-02-01 12:00:00",5,4,2,2,1
"2023-02-01 14:00:00",9,8,2,6,1
"2023-02-01 15:00:00",11,10,1,9,1
"2023-02-01 16:00:00",8,8,1,7,0
"2023-02-01 17:00:00",8,6,3,3,2
"2023-02-02 08:00:00",3,3,2,1,0
"2023-02-02 09:00:00",5,5,1,4,0
"2023-02-02 10:00:00",5,2,0,2,3
"2023-02-02 11:00:00",6,6,1,5,0
"2023-02-02 12:00:00",4,4,3,1,0
"2023-02-02 14:00:00",6,5,1,4,1
"2023-02-02 15:00:00",6,5,2,3,1
"2023-02-02 16:00:00",7,6,1,5,1
"2023-02-02 17:00:00",5,5,0,5,0
"2023-02-03 09:00:00",7,5,4,1,2
"2023-02-03 10:00:00",6,6,2,4,0
"2023-02-03 11:00:00",5,5,3,2,0
"2023-02-03 12:00:00",5,3,0,3,2
"2023-02-03 14:00:00",6,3,1,2,3
"2023-02-03 15:00:00",7,4,2,2,3
"2023-02-03 16:00:00",6,6,1,5,0
"2023-02-03 17:00:00",6,6,2,4,0
"2023-02-04 08:00:00",9,7,2,5,2
"2023-02-04 09:00:00",8,7,3,4,1
"2023-02-04 10:00:00",9,9,1,8,0
"2023-02-04 11:00:00",12,10,3,7,2
"2023-02-04 13:00:00",8,7,3,4,1
"2023-02-04 14:00:00",8,8,2,6,0
"2023-02-04 15:00:00",9,9,1,8,0
"2023-02-04 16:00:00",8,8,1,7,0
"2023-02-06 09:00:00",4,3,1,2,1
"2023-02-06 10:00:00",6,4,1,3,2
"2023-02-06 11:00:00",7,6,1,5,1
"2023-02-06 12:00:00",5,5,0,5,0
"2023-02-06 14:00:00",7,5,2,3,2
"2023-02-06 15:00:00",7,5,0,5,2
"2023-02-06 16:00:00",6,6,2,4,0
"2023-02-06 17:00:00",6,6,0,6,0
"2023-02-07 09:00:00",6,5,2,3,1
"2023-02-07 10:00:00",10,8,2,6,2
"2023-02-07 11:00:00",6,5,2,3,1
"2023-02-07 12:00:00",2,0,0,0,2
"2023-02-07 12:30:00",1,1,1,0,0
"2023-02-07 14:00:00",9,7,1,6,2
"2023-02-07 15:00:00",5,4,1,3,1
"2023-02-07 16:00:00",6,6,1,5,0
"2023-02-07 17:00:00",9,7,1,6,2
"2023-02-08 09:00:00",6,4,0,4,2
"2023-02-08 10:00:00",9,9,2,7,0
"2023-02-08 11:00:00",6,5,1,4,1
"2023-02-08 12:00:00",5,1,0,1,4
"2023-02-08 14:00:00",7,5,3,2,2
"2023-02-08 15:00:00",5,4,1,3,1
"2023-02-08 16:00:00",3,2,1,1,1
"2023-02-08 17:00:00",8,7,1,6,1
"2023-02-09 08:00:00",2,2,1,1,0
"2023-02-09 09:00:00",4,4,1,3,0
"2023-02-09 10:00:00",6,4,1,3,2
"2023-02-09 11:00:00",5,4,0,4,1
"2023-02-09 12:00:00",3,2,1,1,1
"2023-02-09 14:00:00",5,3,0,3,2
"2023-02-09 15:00:00",4,3,0,3,1
"2023-02-09 16:00:00",6,6,1,5,0
"2023-02-09 17:00:00",4,4,1,3,0
"2023-02-10 09:00:00",7,6,1,5,1
"2023-02-10 10:00:00",7,7,1,6,0
"2023-02-10 11:00:00",7,6,2,4,1
"2023-02-10 12:00:00",4,3,1,2,1
"2023-02-10 14:00:00",6,4,2,2,2
"2023-02-10 15:00:00",2,2,1,1,0
"2023-02-10 16:00:00",8,7,2,5,1
"2023-02-10 17:00:00",8,7,3,4,1
"2023-02-11 08:00:00",8,7,3,4,1
"2023-02-11 09:00:00",7,4,0,4,3
"2023-02-11 10:00:00",8,7,1,6,1
"2023-02-11 11:00:00",9,9,3,6,0
"2023-02-11 13:00:00",9,7,1,6,2
"2023-02-11 14:00:00",9,9,2,7,0
"2023-02-11 15:00:00",8,7,3,4,1
"2023-02-11 16:00:00",9,8,2,6,1
"2023-02-13 09:00:00",5,4,1,3,1
"2023-02-13 10:00:00",6,6,1,5,0
"2023-02-13 11:00:00",5,5,4,1,0
"2023-02-13 12:00:00",5,5,0,5,0
"2023-02-13 14:00:00",5,5,1,4,0
"2023-02-13 15:00:00",7,6,3,3,1
"2023-02-13 16:00:00",5,4,1,3,1
"2023-02-13 17:00:00",6,6,1,5,0
"2023-02-14 09:00:00",8,7,2,5,1
"2023-02-14 10:00:00",6,6,2,4,0
"2023-02-14 11:00:00",5,5,3,2,0
"2023-02-14 12:00:00",4,3,1,2,1
"2023-02-14 14:00:00",5,4,2,2,1
"2023-02-14 15:00:00",7,7,1,6,0
"2023-02-14 16:00:00",9,7,2,5,2
"2023-02-14 17:00:00",8,6,1,5,2
"2023-02-15 09:00:00",4,4,3,1,0
"2023-02-15 10:00:00",5,5,0,5,0
"2023-02-15 11:00:00",4,4,1,3,0
"2023-02-15 12:00:00",3,3,2,1,0
"2023-02-15 14:00:00",6,5,0,5,1
"2023-02-15 15:00:00",6,4,0,4,2
"2023-02-15 16:00:00",6,5,2,3,1
"2023-02-15 17:00:00",9,6,2,4,3
"2023-02-16 08:00:00",3,3,0,3,0
"2023-02-16 09:00:00",4,3,1,2,1
"2023-02-16 10:00:00",5,5,3,2,0
"2023-02-16 11:00:00",4,4,2,2,0
"2023-02-16 14:00:00",3,3,1,2,0
"2023-02-16 15:00:00",9,9,3,6,0
"2023-02-16 16:00:00",5,5,1,4,0
"2023-02-16 17:00:00",4,3,1,2,1
"2023-02-17 09:00:00",5,3,2,1,2
"2023-02-17 10:00:00",7,5,1,4,2
"2023-02-17 11:00:00",2,1,0,1,1
"2023-02-17 12:00:00",1,1,0,1,0
"2023-02-17 14:00:00",6,5,1,4,1
"2023-02-17 15:00:00",4,4,1,3,0
"2023-02-17 16:00:00",3,3,1,2,0
"2023-02-17 17:00:00",7,3,1,2,4
"2023-02-18 08:00:00",7,6,0,6,1
"2023-02-18 09:00:00",9,9,1,8,0
"2023-02-18 10:00:00",10,9,2,7,1
"2023-02-18 11:00:00",7,7,1,6,0
"2023-02-18 13:00:00",7,7,2,5,0
"2023-02-18 14:00:00",11,8,2,6,3
"2023-02-18 15:00:00",8,6,0,6,2
"2023-02-18 16:00:00",9,7,1,6,2
"2023-02-22 09:00:00",4,3,0,3,1
"2023-02-22 10:00:00",3,3,0,3,0
"2023-02-22 11:00:00",7,6,1,5,1
"2023-02-22 12:00:00",4,4,1,3,0
"2023-02-22 14:00:00",4,4,0,4,0
"2023-02-22 15:00:00",6,5,0,5,1
"2023-02-22 16:00:00",6,5,0,5,1
"2023-02-22 17:00:00",8,8,1,7,0
"2023-02-23 08:00:00",3,2,0,2,1
"2023-02-23 09:00:00",3,1,0,1,2
"2023-02-23 10:00:00",3,2,0,2,1
"2023-02-23 11:00:00",1,1,0,1,0
"2023-02-23 12:00:00",5,2,1,1,3
"2023-02-23 14:00:00",7,7,0,7,0
"2023-02-23 15:00:00",7,5,1,4,2
"2023-02-23 16:00:00",7,5,1,4,2
"2023-02-23 17:00:00",6,6,1,5,0
"2023-02-24 09:00:00",4,4,0,4,0
"2023-02-24 10:00:00",6,5,4,1,1
"2023-02-24 11:00:00",6,5,2,3,1
"2023-02-24 12:00:00",2,2,0,2,0
"2023-02-24 14:00:00",4,3,2,1,1
"2023-02-24 15:00:00",6,6,1,5,0
"2023-02-24 16:00:00",4,4,0,4,0
"2023-02-24 17:00:00",7,6,2,4,1
"2023-02-25 08:00:00",7,7,3,4,0
"2023-02-25 09:00:00",6,6,1,5,0
"2023-02-25 10:00:00",10,10,2,8,0
"2023-02-25 11:00:00",9,8,5,3,1
"2023-02-25 13:00:00",7,7,2,5,0
"2023-02-25 14:00:00",8,6,1,5,2
"2023-02-25 15:00:00",8,7,2,5,1
"2023-02-25 16:00:00",9,9,1,8,0
"2023-02-25 16:30:00",1,1,1,0,0
"2023-02-27 09:00:00",3,2,1,1,1
"2023-02-27 10:00:00",5,4,1,3,1
"2023-02-27 11:00:00",3,2,0,2,1
"2023-02-27 12:00:00",2,2,0,2,0
"2023-02-27 14:00:00",5,5,1,4,0
"2023-02-27 15:00:00",4,3,2,1,1
"2023-02-27 16:00:00",5,5,0,5,0
"2023-02-27 17:00:00",4,2,1,1,2
"2023-02-28 09:00:00",6,3,1,2,3
"2023-02-28 10:00:00",8,6,4,2,2
"2023-02-28 11:00:00",4,3,1,2,1
"2023-02-28 12:00:00",5,5,2,3,0
"2023-02-28 14:00:00",5,5,1,4,0
"2023-02-28 15:00:00",7,7,1,6,0
"2023-02-28 16:00:00",6,6,2,4,0
"2023-02-28 17:00:00",3,2,2,0,1
"2023-03-01 09:00:00",5,4,1,3,1
"2023-03-01 10:00:00",4,3,1,2,1
"2023-03-01 11:00:00",1,1,0,1,0
"2023-03-01 12:00:00",3,3,1,2,0
"2023-03-01 14:00:00",5,5,3,2,0
"2023-03-01 15:00:00",5,5,1,4,0
"2023-03-01 16:00:00",5,4,1,3,1
"2023-03-01 17:00:00",5,3,0,3,2
"2023-03-02 09:00:00",5,5,3,2,0
"2023-03-02 10:00:00",7,7,1,6,0
"2023-03-02 10:30:00",1,1,1,0,0
"2023-03-02 11:00:00",3,1,0,1,2
"2023-03-02 11:30:00",1,1,0,1,0
"2023-03-02 12:00:00",5,4,1,3,1
"2023-03-02 14:00:00",5,5,1,4,0
"2023-03-02 15:00:00",5,4,1,3,1
"2023-03-02 15:30:00",1,1,0,1,0
"2023-03-02 16:00:00",4,3,1,2,1
"2023-03-02 17:00:00",4,3,0,3,1
"2023-03-03 09:00:00",3,2,1,1,1
"2023-03-03 10:00:00",6,6,1,5,0
"2023-03-03 11:00:00",5,4,1,3,1
"2023-03-03 12:00:00",4,3,0,3,1
"2023-03-03 14:00:00",5,5,3,2,0
"2023-03-03 15:00:00",6,6,0,6,0
"2023-03-03 16:00:00",6,5,1,4,1
"2023-03-03 17:00:00",8,7,1,6,1
"2023-03-04 08:00:00",9,8,2,6,1
"2023-03-04 09:00:00",9,8,3,5,1
"2023-03-04 10:00:00",10,10,3,7,0
"2023-03-04 11:00:00",10,9,4,5,1
"2023-03-04 13:00:00",9,7,3,4,2
"2023-03-04 14:00:00",9,7,2,5,2
"2023-03-04 15:00:00",9,8,2,6,1
"2023-03-04 16:00:00",8,7,2,5,1
"2023-03-06 09:00:00",4,4,1,3,0
"2023-03-06 10:00:00",6,4,0,4,2
"2023-03-06 11:00:00",6,5,2,3,1
"2023-03-06 12:00:00",3,3,2,1,0
"2023-03-06 14:00:00",4,4,2,2,0
"2023-03-06 15:00:00",5,5,2,3,0
"2023-03-06 16:00:00",4,3,1,2,1
"2023-03-06 16:30:00",1,1,0,1,0
"2023-03-06 17:00:00",4,4,1,3,0
"2023-03-07 09:00:00",5,5,4,1,0
"2023-03-07 10:00:00",8,5,0,5,3
"2023-03-07 11:00:00",7,6,3,3,1
"2023-03-07 12:00:00",3,3,2,1,0
"2023-03-07 14:00:00",7,6,2,4,1
"2023-03-07 15:00:00",6,4,2,2,2
"2023-03-07 16:00:00",5,4,2,2,1
"2023-03-07 17:00:00",6,6,2,4,0
"2023-03-08 09:00:00",8,8,3,5,0
"2023-03-08 10:00:00",6,6,1,5,0
"2023-03-08 11:00:00",5,5,1,4,0
"2023-03-08 12:00:00",2,1,0,1,1
"2023-03-08 14:00:00",4,3,0,3,1
"2023-03-08 15:00:00",5,5,2,3,0
"2023-03-08 16:00:00",5,4,1,3,1
"2023-03-08 17:00:00",7,5,2,3,2
"2023-03-09 09:00:00",4,4,3,1,0
"2023-03-09 10:00:00",3,3,3,0,0
"2023-03-09 11:00:00",3,3,2,1,0
"2023-03-09 12:00:00",1,1,0,1,0
"2023-03-09 14:00:00",5,4,0,4,1
"2023-03-09 15:00:00",5,4,1,3,1
"2023-03-09 16:00:00",5,4,1,3,1
"2023-03-09 17:00:00",6,5,1,4,1
"2023-03-10 09:00:00",6,5,0,5,1
"2023-03-10 10:00:00",7,6,0,6,1
"2023-03-10 11:00:00",4,4,1,3,0
"2023-03-10 12:00:00",3,3,1,2,0
"2023-03-10 14:00:00",1,0,0,0,1
"2023-03-10 15:00:00",5,4,2,2,1
"2023-03-10 16:00:00",4,3,0,3,1
"2023-03-10 17:00:00",8,7,0,7,1
"2023-03-11 08:00:00",7,5,1,4,2
"2023-03-11 09:00:00",9,8,2,6,1
"2023-03-11 10:00:00",7,6,0,6,1
"2023-03-11 11:00:00",9,7,0,7,2
"2023-03-11 13:00:00",8,6,2,4,2
"2023-03-11 14:00:00",8,8,2,6,0
"2023-03-11 14:30:00",1,1,1,0,0
"2023-03-11 15:00:00",8,8,2,6,0
"2023-03-11 16:00:00",9,8,1,7,1
"2023-03-13 09:00:00",4,4,1,3,0
"2023-03-13 10:00:00",6,5,2,3,1
"2023-03-13 11:00:00",6,5,3,2,1
"2023-03-13 12:00:00",3,1,1,0,2
"2023-03-13 14:00:00",3,2,1,1,1
"2023-03-13 15:00:00",4,3,1,2,1
"2023-03-13 16:00:00",5,5,0,5,0
"2023-03-13 17:00:00",3,2,1,1,1
"2023-03-14 09:00:00",9,8,2,6,1
"2023-03-14 10:00:00",6,6,3,3,0
"2023-03-14 11:00:00",4,2,1,1,2
"2023-03-14 12:00:00",3,2,2,0,1
"2023-03-14 14:00:00",5,4,1,3,1
"2023-03-14 15:00:00",5,5,1,4,0
"2023-03-14 16:00:00",4,3,2,1,1
"2023-03-14 17:00:00",6,6,3,3,0
"2023-03-15 09:00:00",2,2,0,2,0
"2023-03-15 10:00:00",5,4,1,3,1
"2023-03-15 11:00:00",4,4,2,2,0
"2023-03-15 12:00:00",2,2,0,2,0
"2023-03-15 14:00:00",5,4,4,0,1
"2023-03-15 15:00:00",6,5,2,3,1
"2023-03-15 16:00:00",5,5,1,4,0
"2023-03-15 17:00:00",6,5,3,2,1
"2023-03-16 09:00:00",5,5,0,5,0
"2023-03-16 10:00:00",3,3,2,1,0
"2023-03-16 11:00:00",5,5,0,5,0
"2023-03-16 14:00:00",6,4,1,3,2
"2023-03-16 15:00:00",4,3,2,1,1
"2023-03-16 16:00:00",4,3,1,2,1
"2023-03-16 17:00:00",2,2,1,1,0
"2023-03-17 09:00:00",4,4,1,3,0
"2023-03-17 11:00:00",3,3,2,1,0
"2023-03-17 12:00:00",1,1,1,0,0
"2023-03-17 14:00:00",3,2,1,1,1
"2023-03-17 15:00:00",6,5,2,3,1
"2023-03-17 16:00:00",3,3,1,2,0
"2023-03-17 17:00:00",4,4,2,2,0
"2023-03-18 08:00:00",5,3,1,2,2
"2023-03-18 09:00:00",9,8,3,5,1
"2023-03-18 10:00:00",9,8,2,6,1
"2023-03-18 11:00:00",10,8,2,6,2
"2023-03-18 13:00:00",6,6,1,5,0
"2023-03-18 14:00:00",10,9,4,5,1
"2023-03-18 15:00:00",11,10,2,8,1
"2023-03-18 16:00:00",10,8,3,5,2
"2023-03-20 09:00:00",2,2,1,1,0
"2023-03-20 10:00:00",2,2,0,2,0
"2023-03-20 11:00:00",4,1,0,1,3
"2023-03-20 12:00:00",2,2,1,1,0
"2023-03-20 14:00:00",5,4,2,2,1
"2023-03-20 15:00:00",3,3,0,3,0
"2023-03-20 16:00:00",4,1,0,1,3
"2023-03-20 17:00:00",3,2,1,1,1
"2023-03-21 09:00:00",5,4,1,3,1
"2023-03-21 10:00:00",5,4,1,3,1
"2023-03-21 11:00:00",6,5,2,3,1
"2023-03-21 12:00:00",5,5,3,2,0
"2023-03-21 14:00:00",6,6,2,4,0
"2023-03-21 15:00:00",3,3,0,3,0
"2023-03-21 16:00:00",4,4,2,2,0
"2023-03-21 17:00:00",5,5,2,3,0
"2023-03-22 09:00:00",6,6,2,4,0
"2023-03-22 10:00:00",5,4,2,2,1
"2023-03-22 11:00:00",3,3,2,1,0
"2023-03-22 12:00:00",3,3,2,1,0
"2023-03-22 14:00:00",5,4,3,1,1
"2023-03-22 15:00:00",3,3,1,2,0
"2023-03-22 16:00:00",5,4,1,3,1
"2023-03-22 17:00:00",3,3,0,3,0
"2023-03-23 09:00:00",5,4,0,4,1
"2023-03-23 10:00:00",7,6,0,6,1
"2023-03-23 11:00:00",5,5,0,5,0
"2023-03-23 12:00:00",3,3,0,3,0
"2023-03-23 14:00:00",7,6,0,6,1
"2023-03-23 15:00:00",3,3,0,3,0
"2023-03-23 16:00:00",2,2,0,2,0
"2023-03-23 17:00:00",3,3,0,3,0
"2023-03-24 09:00:00",3,3,0,3,0
"2023-03-24 10:00:00",2,2,0,2,0
"2023-03-24 11:00:00",2,2,0,2,0
"2023-03-24 15:00:00",2,2,0,2,0
"2023-03-24 16:00:00",2,2,0,2,0
"2023-03-24 17:00:00",5,5,0,5,0
"2023-03-25 08:00:00",5,5,0,5,0
"2023-03-25 09:00:00",8,8,0,8,0
"2023-03-25 10:00:00",7,7,0,7,0
"2023-03-25 11:00:00",4,4,0,4,0
"2023-03-25 13:00:00",4,4,0,4,0
"2023-03-25 14:00:00",8,8,0,8,0
"2023-03-25 15:00:00",7,7,0,7,0
"2023-03-25 16:00:00",5,5,0,5,0
"2023-03-27 09:00:00",2,2,0,2,0
"2023-03-27 10:00:00",1,1,0,1,0
"2023-03-27 11:00:00",1,1,0,1,0
"2023-03-27 14:00:00",1,1,0,1,0
"2023-03-27 15:00:00",2,2,0,2,0
"2023-03-27 16:00:00",2,2,0,2,0
"2023-03-28 09:00:00",3,3,0,3,0
"2023-03-28 10:00:00",2,2,0,2,0
"2023-03-28 11:00:00",1,1,0,1,0
"2023-03-28 12:00:00",1,1,0,1,0
"2023-03-28 14:00:00",3,3,0,3,0
"2023-03-28 15:00:00",1,1,0,1,0
"2023-03-28 16:00:00",1,1,0,1,0
"2023-03-29 10:00:00",1,1,0,1,0
"2023-03-29 11:00:00",1,1,0,1,0
"2023-03-29 15:00:00",1,1,0,1,0
"2023-03-29 16:00:00",1,1,0,1,0
"2023-03-29 17:00:00",1,1,0,1,0
"2023-03-30 16:00:00",1,1,0,1,0
"2023-03-31 17:00:00",1,1,0,1,0
"2023-04-01 09:00:00",1,1,0,1,0
"2023-04-01 10:00:00",3,3,0,3,0
"2023-04-01 11:00:00",3,3,0,3,0
"2023-04-01 13:00:00",1,1,0,1,0
"2023-04-01 14:00:00",3,3,0,3,0
"2023-04-01 15:00:00",1,1,0,1,0
"2023-04-01 16:00:00",1,1,0,1,0
